FemalePlotName,Crossnumber_1,Crossnumber_2,Crossnumber_3,Crossnumber_4,Crossnumber_5,number_crosses
136302,NM201805_(136302C2/136460),,,,,1
136314,NM201806_(136314C2/136357),,,,,1
136316,NM201805_(136316C2/136460),,,,,1
136331,NM201807_(136331C2/136460),,,,,1
136345,NM201804_(136345C2/136328),,,,,1
136351,NM201806_(136351C2/136460),,,,,1
136360,NM201807_(136360C2/136357),,,,,1
136378,NM201806_(136378C2/136653),,,,,1
136380,NM201806_(136380C2/136357),,,,,1
136388,NM201807_(136388C2/136357),,,,,1
136418,NM201805_(136418C2/136460),,,,,1
136440,NM201805_(136440C2/136460),,,,,1
136441,NM201805_(136441C1/136460),,,,,1
136452,NM201805_(136452C/136490),,,,,1
136456,NM201805_(136456C2/136460),,,,,1
136468,NM201804_(136468C2/136357),,,,,1
136474,NM201805_(136474C/136490),,,,,1
136478,NM201807_(136478C2/136357),,,,,1
136491,NM201805_(136491C1/136460),,,,,1
136492,BT201804_(136492C2/136283),,,,,1
136494,NM201805_(136494C1/136357),,,,,1
136497,NM201808_(136497C2/136460),,,,,1
136504,NM201805_(136504C/136490),,,,,1
136513,BT201804_(136513C2/136328),,,,,1
136514,BT201804_(136514C2/136328),,,,,1
136518,NM201806_(136518C2/136510),,,,,1
136523,NM201804_(136523C2/136490),NM201806_(136523C3/136460),,,,2
136532,NM201805_(136532C2/136460),NM201805_(136532C3/136490),,,,2
136534,NM201807_(136534C2/136357),,,,,1
136540,NM201808_(136540C2/136510),NM201808_(136540C3/136653),,,,2
136567,NM201806_(136567C2/136510),,,,,1
136571,NM201808_(136571C2/136510),,,,,1
136603,NM201805_(136603C2/136357),,,,,1
136619,NM201807_(136619C2/136460),,,,,1
136620,NM201807_(136620C2/136357),,,,,1
136632,NM201807_(136632C2/136357),,,,,1
136634,NM201806_(136634C2/136599),,,,,1
136642,BT201804_(136642C2/136599),,,,,1
136650,BT201804_(136650C2/136460),,,,,1
136654,NM201805_(136654C2/136460),,,,,1
136658,NM201805_(136658C/136357),,,,,1
136661,NM201807_(136661C2/136460),,,,,1
136664,NM201804_(136664C2/136490),,,,,1
136667,NM201805_(136667C1/136357),,,,,1
136670,NM201807_(136670C2/136460),,,,,1
136673,NM201807_(136673C2/136460),,,,,1
136675,NM201807_(136675C2/136357),,,,,1
136696,NM201805_(136696C/136490),,,,,1
136697,NM201804_(136697C2/136357),,,,,1
136713,NM201807_(136713C2/136357),,,,,1
136718,NM201805_(136718C2/136460),,,,,1
16NM_Huti-white_plot103r5c19,NM201905_(152905C1/161503),,,,,1
16NM_Huti-white_plot104r5c20,NM201902_(152854C1/161541),,,,,1
16NM_Huti-white_plot105r5c21,NM201901_(153163C1/161548),NM201909_(153163C2/161541),NM201909_(153163C2/161584),NM202001_(153163C2/161541),NM202101_(153163C/161480),5
16NM_Huti-white_plot106_r6c21,NM202009_(136546C2/161554),NM202012_(136546C3/161467),,,,2
16NM_Huti-white_plot106r6c21,NM201902_(153028C1/161477),NM201911_(153028C2/161480),NM202006_(153028C2/161541),NM202011_(153028C2/161439),,4
16NM_Huti-white_plot107_r6c20,NM201811_(136433C2/136653),,,,,1
16NM_Huti-white_plot107r6c20,NM202012_(152503C1/161480),,,,,1
16NM_Huti-white_plot108r6c19,NM201903_(152691C1/161582),,,,,1
16NM_Huti-white_plot109_r6c18,NM201901_(136533C2/136706),NM201902_(136533C3/136490),NM202002_(136533C3/161487),,,3
16NM_Huti-white_plot111_r6c16,NM201811_(136712C2/136295),NM202001_(136712C3/161480),,,,2
16NM_Huti-white_plot112_r6c15,NM202001_(136583C2/161541),,,,,1
16NM_Huti-white_plot113_r6c14,NM201904_(136424C2/161582),NM202103_(136424C3/161554),,,,2
16NM_Huti-white_plot114_r6c13,NM201904_(136324C2/161554),,,,,1
16NM_Huti-white_plot115_r6c12,NM201907_(136416C2/161503),NM202010_(136416C3/161405),,,,2
16NM_Huti-white_plot116_r6c11,NM201903_(136462C2/161582),NM202003_(136462C3/161405),NM202103_(136462C3/161562),,,3
16NM_Huti-white_plot118_r6c9,NM201909_(136288C2/161503),,,,,1
16NM_Huti-white_plot119_r6c8,NM201909_(136400C2/161480),NM202011_(136400C3/161554),,,,2
16NM_Huti-white_plot120_r6c7,NM201905_(136472C2/161554),NM201912_(136472C3/161555),NM202101_(136472C3/161477),,,3
16NM_Huti-white_plot121_r6c6,NM202101_(136595C2/161554),,,,,1
16NM_Huti-white_plot122_r6c5,NM201811_(136484C2/136357),,,,,1
16NM_Huti-white_plot123_r6c4,NM201911_(136649C2/161421),NM202010_(136649C3/161411),,,,2
16NM_Huti-white_plot124_r6c3,NM201912_(136368C2/161584),,,,,1
16NM_Huti-white_plot125_r6c2,NM201810_(136521C2/136460),NM201910_(136521C3/161584),NM202012_(136521C/161554),,,3
16NM_Huti-white_plot125r6c2,NM201906_(153002C1/161503),NM202011_(153002C2/161447),,,,2
16NM_Huti-white_plot126r6c1,NM201905_(152657C1/161554),NM202008_(152657C2/161433),,,,2
16NM_Huti-white_plot127r7c1,NM201906_(152364C1/161584),,,,,1
16NM_Huti-white_plot128_r7c2,NM201909_(136676C2/161541),,,,,1
16NM_Huti-white_plot128r7c2,NM201906_(152740C1/161446),NM202002_(152740C2/161584),,,,2
16NM_Huti-white_plot129_r7c3,NM201811_(136346C2/136357),NM201912_(136346C3/161421),NM202104_(136346C3/161405),,,3
16NM_Huti-white_plot130_r7c4,NM201810_(136694C2/136510),,,,,1
16NM_Huti-white_plot132_r7c6,NM201907_(136511C2/161503),,,,,1
16NM_Huti-white_plot133_r7c7,NM201904_(136647C2/136677),,,,,1
16NM_Huti-white_plot134_r7c8,NM201907_(136683C2/161584),NM202011_(136683C3/161418),,,,2
16NM_Huti-white_plot135_r7c9,NM202001_(136359C2/161468),NM202103_(136359C3/161421),NM202104_(136359C3/161405),,,3
16NM_Huti-white_plot137_r7c11,NM201904_(136555C2/161503),NM202001_(136555C3/161424),,,,2
16NM_Huti-white_plot138_r7c12,NM202001_(136553C2/161468),,,,,1
16NM_Huti-white_plot140_r7c14,NM201811_(136367C2/136357),,,,,1
16NM_Huti-white_plot141_r7c15,NM201903_(136674C2/161582),,,,,1
16NM_Huti-white_plot142_r7c16,NM201908_(136639C2/161554),,,,,1
16NM_Huti-white_plot143_r7c17,NM201902_(136485C2/161503),,,,,1
16NM_Huti-white_plot144_r7c18,NM201903_(136465C2/161582),,,,,1
16NM_Huti-white_plot145r7c19,NM201903_(152435C1/161424),,,,,1
16NM_Huti-white_plot146_r7c20,NM201902_(136714C2/161582),NM202002_(136714C3/161571),,,,2
16NM_Huti-white_plot146r7c20,NM201903_(153170C1/161582),,,,,1
16NM_Huti-white_plot147_r7c21,NM201907_(136575C2/161503),,,,,1
16NM_Huti-white_plot147r7c21,NM201902_(153054C1/136510),,,,,1
16NM_Huti-white_plot148_r8c21,NM201903_(136537C2/161424),NM202003_(136537C3/161584),NM202103_(136537C3/161590),,,3
16NM_Huti-white_plot148r8c21,NM201901_(153020C1/161548),NM201910_(153020C2/161421),NM202011_(153020C2/161522),NM202105_(153020C2/161590),,4
16NM_Huti-white_plot149r8c20,NM202102_(153114C1/161516),,,,,1
16NM_Huti-white_plot150_r8c19,NM201911_(136692C2/161421),NM202103_(136692C3/161472),,,,2
16NM_Huti-white_plot150r8c19,NM201902_(152756C1/136677),,,,,1
16NM_Huti-white_plot151_r8c18,NM201812_(136536C2/136653),NM201911_(136536C3/161500),NM202010_(136536C3/161459),NM202105_(136536C3/161405),,4
16NM_Huti-white_plot152_r8c17,NM201901_(136425C2/161503),NM202001_(136425C3/161582),,,,2
16NM_Huti-white_plot157_r8c12,NM201908_(136548C2/161554),,,,,1
16NM_Huti-white_plot160_r8c9,NM201906_(136385C2/161503),,,,,1
16NM_Huti-white_plot161_r8c8,NM202008_(136526C2/161548),,,,,1
16NM_Huti-white_plot163_r8c6,NM201904_(136305C2/161424),,,,,1
16NM_Huti-white_plot164_r8c5,NM201904_(136721C2/161503),NM202002_(136721C3/161477),,,,2
16NM_Huti-white_plot166r8c3,NM202007_(153138C1/161554),,,,,1
16NM_Huti-white_plot167_r8c2,NM201908_(136643C2/161584),NM202007_(136643C3/161433),NM202104_(136643C3/161554),,,3
16NM_Huti-white_plot167r8c2,NM201902_(152708C1/136604),,,,,1
16NM_Huti-white_plot168r8c1,NM201903_(152431C1/161582),NM202002_(152431C2/161588),NM202102_(152431C/161554),,,3
16NM_Huti-white_plot169r9c1,NM201905_(152989C1/161503),NM202104_(152989C/161405),,,,2
16NM_Huti-white_plot170_r9c2,NM201905_(136613C2/161477),NM202002_(136613C3/161588),,,,2
16NM_Huti-white_plot170r9c2,NM201904_(152672C1/161554),,,,,1
16NM_Huti-white_plot171_r9c3,NM202003_(136512C2/161480),,,,,1
16NM_Huti-white_plot171r9c3,NM201911_(152579C1/161584),NM202101_(152579C2/161536),,,,2
16NM_Huti-white_plot180_r9c12,NM201812_(136402C2/161582),,,,,1
16NM_Huti-white_plot181_r9c13,NM202104_(136372C2/161405),,,,,1
16NM_Huti-white_plot183_r9c15,NM201812_(136501C2/161584),NM202001_(136501C3/161562),NM202102_(136501C3/161536),,,3
16NM_Huti-white_plot187_r9c19,NM201810_(136588C2/136460),NM201911_(136588C3/161480),NM202103_(136588C3/161554),,,3
16NM_Huti-white_plot188_r9c20,NM201909_(136456C2/161584),,,,,1
16NM_Huti-white_plot188r9c20,NM201903_(152941C1/161424),,,,,1
16NM_Huti-white_plot189_r9c21,NM201901_(136426C2/161584),NM202002_(136426C3/161446),,,,2
16NM_Huti-white_plot189r9c21,NM201903_(152495C1/161582),NM201911_(152495C2/161500),NM202009_(152495C2/161578),,,3
16NM_Huti-white_plot190r10c21,NM201901_(153009C1/161584),NM201910_(153009C2/161541),NM202102_(153009C2/161441),,,3
16NM_Huti-white_plot191r10c20,NM201903_(152645C1/161582),,,,,1
16NM_Huti-white_plot192r10c19,NM201902_(152746C1/161541),NM202006_(152746C2/161536),,,,2
16NM_Huti-white_plot19r1c19,NM201812_(153130C1/161584),,,,,1
16NM_Huti-white_plot1r1c1,NM201912_(152532C1/161554),,,,,1
16NM_Huti-white_plot208r10c3,NM201909_(152808C1/161480),NM202009_(152808C2/136677),,,,2
16NM_Huti-white_plot209r10c2,NM201809_(153086C1/161582),NM201910_(153086C2/161480),NM202010_(153086C2/161412),,,3
16NM_Huti-white_plot210r10c1,NM201901_(153120C1/161503),NM201912_(153120C2/161555),NM202102_(153120C/161460),,,3
16NM_Huti-white_plot211r11c1,NM201812_(152405C1/161554),NM201911_(152405C2/161421),NM202009_(152405C2/161571),,,3
16NM_Huti-white_plot212r11c2,NM201905_(152655C1/161503),NM202002_(152655C2/161489),,,,2
16NM_Huti-white_plot213r11c3,NM201906_(152568C1/161503),,,,,1
16NM_Huti-white_plot21r1c21,NM202101_(152466C1/161536),,,,,1
16NM_Huti-white_plot229r11c19,NM201910_(152933C1/161480),,,,,1
16NM_Huti-white_plot230r11c20,NM201907_(152901C1/161500),,,,,1
16NM_Huti-white_plot231r11c21,NM201904_(153016C1/161582),NM202001_(153016C2/161480),NM202010_(153016C2/161477),,,3
16NM_Huti-white_plot232r12c21,NM201903_(152697C1/161582),NM201903_(152697C2/161582),NM202007_(152697C2/161433),,,3
16NM_Huti-white_plot233r12c20,NM201904_(152793C1/161582),,,,,1
16NM_Huti-white_plot234r12c19,NM201902_(152443C1/161477),,,,,1
16NM_Huti-white_plot250r12c3,NM201904_(152747C1/161582),,,,,1
16NM_Huti-white_plot251r12c2,NM201904_(152659C1/161503),NM202010_(152659C2/161439),,,,2
16NM_Huti-white_plot252r12c1,NM201902_(153145C1/161541),NM202002_(153145C2/161541),NM202101_(153145C2/161477),,,3
16NM_Huti-white_plot253r13c1,NM201903_(153083C1/161582),NM202001_(153083C2/161480),NM202001_(153083C2/161554),NM202102_(153083C/161418),,4
16NM_Huti-white_plot255r13c3,NM202009_(152686C1/161541),NM202009_(152686C2/161412),,,,2
16NM_Huti-white_plot271r13c19,NM201910_(153156C1/161480),NM202011_(153156C2/161554),,,,2
16NM_Huti-white_plot272r13c20,NM201903_(152589C1/161468),NM202102_(152589C2/161489),,,,2
16NM_Huti-white_plot273r13c21,NM201902_(152842C1/161541),NM201911_(152842C2/161480),NM202008_(152842C2/161554),,,3
16NM_Huti-white_plot274r14c21,NM201902_(152727C1/161584),NM201911_(152727C2/161421),NM202008_(152727C2/161554),,,3
16NM_Huti-white_plot275r14c20,NM201903_(152615C1/161582),NM202002_(152615C2/161494),NM202101_(152615C2/161591),,,3
16NM_Huti-white_plot276r14c19,NM201906_(152784C1/161554),,,,,1
16NM_Huti-white_plot292r14c3,NM202010_(152814C1/161487),,,,,1
16NM_Huti-white_plot293r14c2,NM201906_(152725C1/161503),,,,,1
16NM_Huti-white_plot294r14c1,NM201903_(152610C1/161582),NM202003_(152610C2/161419),NM202101_(152610C/161413),,,3
16NM_Huti-white_plot295r15c1,NM201902_(152499C1/161582),NM201912_(152499C2/161480),,,,2
16NM_Huti-white_plot296r15c2,NM201904_(152575C1/161503),NM201911_(152575C2/161500),,,,2
16NM_Huti-white_plot2r1c2,NM201911_(153048C1/161480),,,,,1
16NM_Huti-white_plot313r15c19,NM201904_(153014C1/161503),NM201911_(153014C2/161421),NM202006_(153014C2/161554),,,3
16NM_Huti-white_plot314r15c20,NM201903_(152861C1/161503),,,,,1
16NM_Huti-white_plot315r15c21,NM201901_(152942C1/161461),,,,,1
16NM_Huti-white_plot316r16c21,NM201902_(152798C1/161477),NM202010_(152798C2/161541),,,,2
16NM_Huti-white_plot317r16c20,NM201903_(152985C1/161582),NM202006_(152985C2/161554),,,,2
16NM_Huti-white_plot318r16c19,NM201904_(153160C1/161503),,,,,1
16NM_Huti-white_plot334r16c3,NM201908_(152897C1/161541),,,,,1
16NM_Huti-white_plot335r16c2,NM201906_(152877C1/161584),,,,,1
16NM_Huti-white_plot336r16c1,NM201905_(153095C1/161503),NM202007_(153095C2/161460),NM202007_(153095C2/161522),,,3
16NM_Huti-white_plot337r17c1,NM201902_(152411C1/161582),NM202002_(152411C2/161536),,,,2
16NM_Huti-white_plot338r17c2,NM201909_(152945C1/161503),NM202001_(152945C2/161567),,,,2
16NM_Huti-white_plot339r17c3,NM201905_(153055C1/161477),NM202005_(153055C2/161412),,,,2
16NM_Huti-white_plot355r17c19,NM201904_(152865C1/161582),NM202008_(152865C2/161500),,,,2
16NM_Huti-white_plot357r17c21,NM201902_(153088C1/161477),NM201912_(153088C2/161554),NM202009_(153088C2/161571),,,3
16NM_Huti-white_plot358r18c21,NM201902_(152370C1/161582),NM201911_(152370C2/161421),,,,2
16NM_Huti-white_plot359r18c20,NM201904_(152689C1/161582),NM202006_(152689C2/161554),,,,2
16NM_Huti-white_plot377r18c2,NM201906_(152904C1/161584),,,,,1
16NM_Huti-white_plot378r18c1,NM201906_(152395C1/161584),NM202009_(152395C2/161412),,,,2
16NM_Huti-white_plot379r19c1,NM201902_(152491C1/161503),NM202001_(152491C2/161554),NM202007_(152491C2/161522),NM202007_(152491C2/161554),,4
16NM_Huti-white_plot380r19c2,NM201906_(152538C1/161503),NM202009_(152538C2/161480),,,,2
16NM_Huti-white_plot381r19c3,NM202006_(152545C1/161433),,,,,1
16NM_Huti-white_plot397r19c19,NM201907_(153026C1/161500),NM202010_(153026C2/161554),,,,2
16NM_Huti-white_plot398r19c20,NM201904_(152994C1/161582),NM202006_(152994C2/161541),,,,2
16NM_Huti-white_plot399r19c21,NM201911_(152563C1/161480),NM202007_(152563C2/161433),,,,2
16NM_Huti-white_plot401r20c20,NM201903_(153052C1/161582),,,,,1
16NM_Huti-white_plot40r2c3,NM201904_(152743C1/136604),,,,,1
16NM_Huti-white_plot418r20c3,NM201909_(152425C1/161503),,,,,1
16NM_Huti-white_plot419r20c2,NM201904_(153109C1/161554),,,,,1
16NM_Huti-white_plot41r2c2,NM201905_(152925C1/161503),,,,,1
16NM_Huti-white_plot420r20c1,NM201907_(153073C1/161541),NM202103_(153073C/161571),,,,2
16NM_Huti-white_plot421r21c1,NM201904_(153154C1/161503),NM202012_(153154C2/161483),,,,2
16NM_Huti-white_plot422r21c2,NM201906_(152919C1/161503),NM202009_(152919C2/161412),,,,2
16NM_Huti-white_plot42r2c1,NM201904_(152559C1/161554),NM202007_(152559C2/161554),,,,2
16NM_Huti-white_plot439r21c19,NM202009_(152984C1/161480),,,,,1
16NM_Huti-white_plot43r3c1,NM201902_(152459C1/161582),,,,,1
16NM_Huti-white_plot440r21c20,NM201904_(152899C1/161554),NM202012_(152899C2/161475),,,,2
16NM_Huti-white_plot441r21c21,NM201909_(152607C1/161554),NM202009_(152607C2/161522),NM202101_(152607C2/161564),,,3
16NM_Huti-white_plot442r22c21,NM201909_(152819C1/161584),NM202008_(152819C2/161431),,,,2
16NM_Huti-white_plot443r22c20,NM201906_(152366C1/161477),,,,,1
16NM_Huti-white_plot444r22c19,NM201905_(152508C1/161503),NM202012_(152508C/161483),NM202012_(152508C/161582),,,3
16NM_Huti-white_plot44r3c2,NM201905_(153004C1/161503),NM201911_(153004C2/161480),,,,2
16NM_Huti-white_plot45r3c3,NM202102_(152520C1/161578),,,,,1
16NM_Huti-white_plot461r22c2,NM201909_(152766C1/161541),,,,,1
16NM_Huti-white_plot462r22c1,NM201903_(152695C1/161582),NM201911_(152695C2/161480),NM202009_(152695C2/161554),,,3
16NM_Huti-white_plot463r23c1,NM201907_(152381C1/161503),NM202009_(152381C2/161406),,,,2
16NM_Huti-white_plot465r23c3,NM201905_(152848C1/161503),NM202007_(152848C2/161446),NM202007_(152848C2/161584),,,3
16NM_Huti-white_plot483r23c21,NM201906_(152667C1/161554),,,,,1
16NM_Huti-white_plot484r24c21,NM201907_(152955C1/161554),,,,,1
16NM_Huti-white_plot502r24c3,NM202012_(152859C1/161483),,,,,1
16NM_Huti-white_plot503r24c2,NM202103_(152937C/161508),,,,,1
16NM_Huti-white_plot504r24c1,NM201901_(153023C1/161503),NM201911_(153023C2/161480),NM202011_(153023C2/161562),,,3
16NM_Huti-white_plot505r25c1,NM201903_(153107C1/161468),NM202002_(153107C2/161584),NM202011_(153107C2/161467),,,3
16NM_Huti-white_plot506r25c2,NM201905_(152533C1/161477),NM202003_(152533C2/161480),,,,2
16NM_Huti-white_plot523r25c19,NM201904_(152467C1/136604),,,,,1
16NM_Huti-white_plot524r25c20,NM202003_(152884C1/161536),,,,,1
16NM_Huti-white_plot525r25c21,NM201906_(152586C1/161503),NM202003_(152586C2/161571),,,,2
16NM_Huti-white_plot526r26c21,NM201904_(152681C1/161554),NM202003_(152681C2/161462),,,,2
16NM_Huti-white_plot527r26c20,NM201903_(152408C1/161582),,,,,1
16NM_Huti-white_plot528r26c19,NM201906_(153177C1/161477),NM202010_(153177C2/161522),,,,2
16NM_Huti-white_plot545r26c2,NM201904_(152644C1/161582),NM202006_(152644C2/161536),NM202006_(152644C2/161576),,,3
16NM_Huti-white_plot546r26c1,NM201902_(152995C1/161503),NM201911_(152995C2/161480),NM202011_(152995C2/161413),,,3
16NM_Huti-white_plot547r27c1,NM201901_(153119C1/161506),NM202001_(153119C2/161468),,,,2
16NM_Huti-white_plot548r27c2,NM201904_(152421C1/161582),,,,,1
16NM_Huti-white_plot565r27c19,NM201908_(152786C1/161503),,,,,1
16NM_Huti-white_plot566r27c20,NM201904_(152680C1/161554),NM202003_(152680C2/161536),NM202012_(152680C2/161542),,,3
16NM_Huti-white_plot567r27c21,NM201905_(152531C1/161477),NM202003_(152531C2/161419),,,,2
16NM_Huti-white_plot568r28c21,NM201904_(152573C1/136604),,,,,1
16NM_Huti-white_plot569r28c20,NM201904_(152454C1/136604),,,,,1
16NM_Huti-white_plot570r28c19,NM202103_(153143C1/161406),,,,,1
16NM_Huti-white_plot587r28c2,NM201905_(153006C1/161554),,,,,1
16NM_Huti-white_plot588r28c1,NM201904_(152648C1/161582),NM202009_(152648C2/161406),,,,2
16NM_Huti-white_plot589r29c1,NM201901_(152744C1/161506),NM202001_(152744C2/161480),NM202103_(152744C2/161590),,,3
16NM_Huti-white_plot590r29c2,NM201904_(152639C1/161503),,,,,1
16NM_Huti-white_plot591r29c3,NM201905_(152776C1/161446),,,,,1
16NM_Huti-white_plot607r29c19,NM201906_(152555C1/161584),NM202102_(152555C2/161478),,,,2
16NM_Huti-white_plot608r29c20,NM201903_(152986C1/161582),,,,,1
16NM_Huti-white_plot609r29c21,NM201912_(153005C1/161447),,,,,1
16NM_Huti-white_plot610r30c21,NM201906_(152712C1/161503),NM202007_(152712C2/161433),NM202101_(152712C2/161413),,,3
16NM_Huti-white_plot611r30c20,NM201903_(152802C1/161424),NM202001_(152802C2/161480),NM202011_(152802C2/161578),,,3
16NM_Huti-white_plot612r30c19,NM201905_(152910C1/161503),NM202012_(152910C/161480),,,,2
16NM_Huti-white_plot61r3c19,NM201903_(152486C1/161424),,,,,1
16NM_Huti-white_plot628r30c3,NM202101_(152966C1/161602),,,,,1
16NM_Huti-white_plot629r30c2,NM201905_(152665C1/161446),,,,,1
16NM_Huti-white_plot62r3c20,NM201902_(152416C1/161582),NM201910_(152416C2/161503),NM201910_(152416C2/161554),,,3
16NM_Huti-white_plot630r30c1,NM201902_(152976C1/161582),NM202003_(152976C2/161419),NM202102_(152976C/161598),,,3
16NM_Huti-white_plot631r31c1,NM201903_(153118C1/161582),NM202003_(153118C2/161541),,,,2
16NM_Huti-white_plot632r31c2,NM201905_(152705C1/161503),,,,,1
16NM_Huti-white_plot633r31c3,NM201905_(152599C1/161446),,,,,1
16NM_Huti-white_plot63r3c21,NM201912_(153091C1/161421),,,,,1
16NM_Huti-white_plot649r31c19,NM201906_(152821C1/161446),NM202007_(152821C2/136283),,,,2
16NM_Huti-white_plot64r4c21,NM201902_(152513C1/161582),NM201910_(152513C2/161554),NM202006_(152513C2/161468),,,3
16NM_Huti-white_plot650r31c20,NM201903_(152636C1/161582),NM202003_(152636C2/161462),,,,2
16NM_Huti-white_plot651r31c21,NM201904_(152662C1/136604),NM202104_(152662C2/161494),,,,2
16NM_Huti-white_plot652r32c21,NM201903_(152574C1/161582),NM202012_(152574C/161582),,,,2
16NM_Huti-white_plot653r32c20,NM201903_(152450C1/161564),NM202003_(152450C2/161462),,,,2
16NM_Huti-white_plot65r4c20,NM201903_(153030C1/136510),NM202001_(153030C2/161571),,,,2
16NM_Huti-white_plot66r4c19,NM201903_(153129C1/161582),,,,,1
16NM_Huti-white_plot670r32c3,NM201909_(153108C1/161554),NM202102_(153108C2/161477),,,,2
16NM_Huti-white_plot671r32c2,NM201903_(152700C1/161582),NM202005_(152700C2/161598),,,,2
16NM_Huti-white_plot672r32c1,NM202002_(152612C1/161536),NM202006_(152612C2/161414),,,,2
16NM_Huti-white_plot673r33c1,NM201811_(152936C1/161503),NM201912_(152936C2/161554),NM202104_(152936C/161494),,,3
16NM_Huti-white_plot674r33c2,NM201908_(152839C1/161503),,,,,1
16NM_Huti-white_plot675r33c3,NM201904_(152400C1/136604),NM202005_(152400C2/161595),,,,2
16NM_Huti-white_plot691r33c19,NM201904_(152625C1/161503),,,,,1
16NM_Huti-white_plot692r33c20,NM201904_(152711C1/161582),NM202001_(152711C2/161536),NM202002_(152711C2/161536),,,3
16NM_Huti-white_plot694r34c21,NM201903_(152566C1/161582),NM201912_(152566C2/161467),NM202102_(152566C2/161483),,,3
16NM_Huti-white_plot695r34c20,NM201904_(152392C1/161582),,,,,1
16NM_Huti-white_plot696r34c19,NM201903_(153098C1/161582),,,,,1
16NM_Huti-white_plot712r34c3,NM201906_(153117C1/161584),NM202101_(153117C2/161516),,,,2
16NM_Huti-white_plot713r34c2,NM201904_(153101C1/161503),NM202009_(153101C2/161412),,,,2
16NM_Huti-white_plot714r34c1,NM201812_(153012C1/161584),NM202003_(153012C2/161480),NM202009_(153012C2/161554),NM202011_(153012C2/161554),,4
16NM_Huti-white_plot715r35c1,NM201811_(152445C1/161584),NM201909_(152445C2/161480),NM202103_(152445C/161590),,,3
16NM_Huti-white_plot716r35c2,NM201902_(152457C1/161477),,,,,1
16NM_Huti-white_plot717r35c3,NM201902_(152694C1/161477),NM202105_(152694C2/161590),,,,2
16NM_Huti-white_plot733r35c19,NM201905_(152973C1/161554),NM202008_(152973C2/161468),,,,2
16NM_Huti-white_plot734r35c20,NM201902_(152530C1/161477),NM201910_(152530C2/161584),,,,2
16NM_Huti-white_plot736r36c21,NM201904_(152779C1/161582),NM202003_(152779C2/161478),,,,2
16NM_Huti-white_plot737r36c20,NM201903_(152372C1/161582),,,,,1
16NM_Huti-white_plot738r36c19,NM201904_(152952C1/136604),NM202003_(152952C2/161462),,,,2
16NM_Huti-white_plot754r36c3,NM201910_(152864C1/161555),,,,,1
16NM_Huti-white_plot755r36c2,NM201902_(152961C1/161477),NM201902_(152961C2/136653),NM202007_(152961C2/161554),,,3
16NM_Huti-white_plot756r36c1,NM201812_(152650C1/161503),NM201908_(152650C2/161503),NM202103_(152650C/161590),,,3
16NM_Huti-white_plot757r37c1,NM201811_(152770C1/161584),NM201909_(152770C2/161480),,,,2
16NM_Huti-white_plot758r37c2,NM201902_(152427C1/161477),NM202001_(152427C2/161554),NM202008_(152427C2/161541),,,3
16NM_Huti-white_plot775r37c19,NM201903_(152591C1/161582),NM202003_(152591C2/161462),,,,2
16NM_Huti-white_plot776r37c20,NM201901_(152851C1/161564),,,,,1
16NM_Huti-white_plot777r37c21,NM201903_(152963C1/161582),NM202007_(152963C2/136677),,,,2
16NM_Huti-white_plot778r38c21,NM201904_(152463C1/161582),NM202001_(152463C2/161480),,,,2
16NM_Huti-white_plot779r38c20,NM201901_(153017C1/161564),NM202103_(153017C2/161405),,,,2
16NM_Huti-white_plot780r38c19,NM201903_(152892C1/161424),NM202002_(152892C2/161536),,,,2
16NM_Huti-white_plot797r38c2,NM201901_(152720C1/161503),NM202101_(152720C/161554),,,,2
16NM_Huti-white_plot798r38c1,NM201902_(152376C1/161582),NM201912_(152376C2/161457),NM202103_(152376C/161590),,,3
16NM_Huti-white_plot799r39c1,NM201901_(153162C1/161503),NM201911_(153162C2/161541),NM202001_(153162C2/161468),NM202011_(153162C2/161439),,4
16NM_Huti-white_plot800r39c2,NM201902_(152544C1/161541),NM201912_(152544C2/161421),NM202012_(152544C2/161480),NM202104_(152544C2/161494),,4
16NM_Huti-white_plot801r39c3,NM201902_(152862C1/161541),NM202009_(152862C2/161522),,,,2
16NM_Huti-white_plot817r39c19,NM201904_(152921C1/161554),NM202003_(152921C2/161525),NM202104_(152921C2/161484),,,3
16NM_Huti-white_plot818r39c20,NM201902_(152754C1/161477),NM201911_(152754C2/161421),NM202003_(152754C2/161508),NM202103_(152754C2/161582),,4
16NM_Huti-white_plot819r39c21,NM201902_(152850C1/161477),NM201910_(152850C2/161472),NM202005_(152850C2/161460),NM202102_(152850C2/161469),,4
16NM_Huti-white_plot82r4c3,NM201908_(152634C1/161554),,,,,1
16NM_Huti-white_plot83r4c2,NM201905_(152954C1/161503),NM202012_(152954C/161483),,,,2
16NM_Huti-white_plot84r4c1,NM201903_(152378C1/161424),NM202002_(152378C2/161554),NM202008_(152378C2/161554),,,3
16NM_Huti-white_plot85r5c1,NM201904_(152771C1/136604),NM202102_(152771C/161562),,,,2
16NM_Huti-white_plot86r5c2,NM201904_(153038C1/136604),NM202006_(153038C2/161433),,,,2
16NM_ITC1455-MchareMlelembo_plot358_r18c21,NM202103_(136291C2/161582),,,,,1
16NM_ITC1455-MchareMlelembo_plot359_r18c20,NM201904_(136629C2/161582),NM202104_(136629C3/161405),,,,2
16NM_ITC1455-MchareMlelembo_plot360_r18c19,NM201903_(136645C2/136392),,,,,1
16NM_ITC1455-MchareMlelembo_plot361_r18c18,NM201901_(136353C2/161503),NM202103_(136353C3/161554),,,,2
16NM_ITC1455-MchareMlelembo_plot362_r18c17,NM201906_(136505C2/161584),NM202011_(136505C3/161467),,,,2
16NM_ITC1455-MchareMlelembo_plot363_r18c16,NM201909_(136492C2/161554),,,,,1
16NM_ITC1455-MchareMlelembo_plot364_r18c15,NM202012_(136380C2/161483),,,,,1
16NM_ITC1455-MchareMlelembo_plot365_r18c14,NM201907_(136664C2/161503),NM202010_(136664C3/161571),,,,2
16NM_ITC1455-MchareMlelembo_plot366_r18c13,NM201903_(136520C2/136392),,,,,1
16NM_ITC1455-MchareMlelembo_plot368_r18c11,NM201908_(136302C2/161554),,,,,1
16NM_ITC1455-MchareMlelembo_plot369_r18c10,NM202103_(136603C2/161554),,,,,1
16NM_ITC1455-MchareMlelembo_plot370_r18c9,NM201808_(136454C2/136490),NM201808_(136454C2/136706),NM201911_(136454C3/161421),,,3
16NM_ITC1455-MchareMlelembo_plot371_r18c8,NM201902_(136562C2/161584),NM202003_(136562C3/161462),,,,2
16NM_ITC1455-MchareMlelembo_plot372_r18c7,NM202104_(136611C2/161494),,,,,1
16NM_ITC1455-MchareMlelembo_plot374_r18c5,NM202104_(136322C2/161494),,,,,1
16NM_ITC1455-MchareMlelembo_plot375_r18c4,NM202103_(136671C2/161578),,,,,1
16NM_ITC1455-MchareMlelembo_plot376_r18c3,NM202104_(136519C2/161494),,,,,1
16NM_ITC1455-MchareMlelembo_plot377_r18c2,NM201907_(136418C2/161503),NM202103_(136418C3/161590),,,,2
16NM_ITC1455-MchareMlelembo_plot381_r19c3,NM201909_(136474C2/161584),,,,,1
16NM_ITC1455-MchareMlelembo_plot382_r19c4,NM201901_(136332C2/136295),,,,,1
16NM_ITC1455-MchareMlelembo_plot385_r19c7,NM201909_(136373C2/161503),,,,,1
16NM_ITC1455-MchareMlelembo_plot386_r19c8,NM201907_(136515C2/161500),,,,,1
16NM_ITC1455-MchareMlelembo_plot389_r19c11,NM201907_(136345C2/161500),,,,,1
16NM_ITC1455-MchareMlelembo_plot390_r19c12,NM201906_(136709C2/161554),,,,,1
16NM_ITC1455-MchareMlelembo_plot391_r19c13,NM202012_(136396C2/161480),,,,,1
16NM_ITC1455-MchareMlelembo_plot392_r19c14,NM201903_(136477C2/161468),NM202001_(136477C3/161554),NM202102_(136477C3/161460),,,3
16NM_ITC1455-MchareMlelembo_plot393_r19c15,NM201909_(136658C2/161584),NM202101_(136658C/161483),,,,2
16NM_ITC1455-MchareMlelembo_plot394_r19c16,NM201908_(136642C2/161503),NM202101_(136642C3/161578),,,,2
16NM_ITC1455-MchareMlelembo_plot395_r19c17,NM201904_(136306C2/136604),NM202008_(136306C3/161541),,,,2
16NM_ITC1455-MchareMlelembo_plot397_r19c19,NM202006_(136543C2/161554),,,,,1
16NM_ITC1455-MchareMlelembo_plot398_r19c20,NM201911_(136513C2/161500),,,,,1
16NM_ITC1455-MchareMlelembo_plot399_r19c21,NM201905_(136494C2/161503),NM201911_(136494C3/161480),,,,2
16NM_ITC1455-MchareMlelembo_plot400_r20c21,NM201812_(136530C2/136392),NM201812_(136530C2/136706),NM201911_(136530C3/161554),,,3
16NM_ITC1455-MchareMlelembo_plot401_r20c20,NM201912_(136571C2/161480),,,,,1
16NM_ITC1455-MchareMlelembo_plot402_r20c19,NM201809_(136458C2/136510),NM201911_(136458C3/161480),NM202012_(136458C3/161483),,,3
16NM_ITC1455-MchareMlelembo_plot403_r20c18,NM201811_(136675C3/136510),,,,,1
16NM_ITC1455-MchareMlelembo_plot404_r20c17,NM201810_(136589C2/136706),NM202105_(136589C3/161405),,,,2
16NM_ITC1455-MchareMlelembo_plot405_r20c16,NM201810_(136451C2/136510),NM201912_(136451C3/161421),NM202105_(136451C3/161405),,,3
16NM_ITC1455-MchareMlelembo_plot406_r20c15,NM201909_(136654C2/161554),NM202101_(136654C3/161494),,,,2
16NM_ITC1455-MchareMlelembo_plot407_r20c14,NM201810_(136516C2/136460),NM202101_(136516C3/161554),,,,2
16NM_ITC1455-MchareMlelembo_plot408_r20c13,NM201810_(136716C2/161548),,,,,1
16NM_ITC1455-MchareMlelembo_plot412_r20c9,NM201809_(136371C2/136328),,,,,1
16NM_ITC1455-MchareMlelembo_plot413_r20c8,NM201912_(136542C2/161421),,,,,1
16NM_ITC1455-MchareMlelembo_plot414_r20c7,NM202012_(136634C2/161554),,,,,1
16NM_ITC1455-MchareMlelembo_plot415_r20c6,NM201809_(136423C2/136653),,,,,1
16NM_ITC1455-MchareMlelembo_plot416_r20c5,NM201809_(136463C2/136490),,,,,1
16NM_ITC1455-MchareMlelembo_plot417_r20c4,NM201809_(136443C2/136510),,,,,1
16NM_ITC1455-MchareMlelembo_plot424_r21c4,NM201809_(136301C2/136295),NM201810_(136301C2/136653),,,,2
16NM_ITC1455-MchareMlelembo_plot425_r21c5,NM201912_(136715C2/161480),,,,,1
16NM_ITC1455-MchareMlelembo_plot426_r21c6,NM201808_(136601C2/136328),NM201808_(136601C2/136706),,,,2
16NM_ITC1455-MchareMlelembo_plot427_r21c7,NM201911_(136570C2/161503),,,,,1
16NM_ITC1455-MchareMlelembo_plot428_r21c8,NM201910_(136616C2/161503),,,,,1
16NM_ITC1455-MchareMlelembo_plot429_r21c9,NM201810_(136325C2/136460),,,,,1
16NM_ITC1455-MchareMlelembo_plot430_r21c10,NM201809_(136417C2/136328),,,,,1
16NM_ITC1455-MchareMlelembo_plot432_r21c12,NM202001_(136557C2/161541),,,,,1
16NM_ITC1455-MchareMlelembo_plot433_r21c13,NM202001_(136405C2/161484),,,,,1
16NM_ITC1455-MchareMlelembo_plot436_r21c16,NM201810_(136498C2/136460),,,,,1
16NM_ITC1455-MchareMlelembo_plot437_r21c17,NM201905_(136297C2/161584),,,,,1
16NM_ITC1455-MchareMlelembo_plot438_r21c18,NM201810_(136432C2/136357),NM201901_(136432C3/136392),NM202003_(136432C3/161419),NM202101_(136432C/161483),,4
16NM_ITC1455-MchareMlelembo_plot439_r21c19,NM201904_(136504C2/161424),NM202104_(136504C3/161582),,,,2
16NM_ITC1455-MchareMlelembo_plot440_r21c20,NM201902_(136412C2/161412),NM201912_(136412C3/161554),,,,2
16NM_ITC1455-MchareMlelembo_plot441_r21c21,NM201910_(136540C2/161541),NM202010_(136540C3/161590),,,,2
16NM_ITC1460-IjihuInkundu_plot274_r14c21,NM202001_(136665C2/161554),NM202002_(136665C3/161541),NM202104_(136665C3/161590),,,3
16NM_ITC1460-IjihuInkundu_plot278_r14c17,NM201812_(136691C2/161584),NM201912_(136691C3/161480),,,,2
16NM_ITC1460-IjihuInkundu_plot279_r14c16,NM202003_(136605C2/161534),NM202103_(136605C3/161554),,,,2
16NM_ITC1460-IjihuInkundu_plot280_r14c15,NM201902_(136350C2/161541),NM202003_(136350C3/161534),,,,2
16NM_ITC1460-IjihuInkundu_plot281_r14c14,NM201909_(136486C2/161584),,,,,1
16NM_ITC1460-IjihuInkundu_plot282_r14c13,NM201909_(136591C2/161541),,,,,1
16NM_ITC1460-IjihuInkundu_plot283_r14c12,NM201810_(136680C2/136295),NM201907_(136680C3/161503),,,,2
16NM_ITC1460-IjihuInkundu_plot287_r14c8,NM202104_(136539C2/161494),,,,,1
16NM_ITC1460-IjihuInkundu_plot289_r14c6,NM201810_(136564C2/136460),NM201910_(136564C3/161584),NM202102_(136564C3/161460),,,3
16NM_ITC1460-IjihuInkundu_plot290_r14c5,NM201811_(136648C2/136357),NM202003_(136648C3/161480),,,,2
16NM_ITC1460-IjihuInkundu_plot291_r14c4,NM201812_(136321C2/161503),NM202001_(136321C3/161468),NM202102_(136321C3/161578),,,3
16NM_ITC1460-IjihuInkundu_plot292_r14c3,NM201810_(136316C2/136460),NM201912_(136316C3/161567),,,,2
16NM_ITC1460-IjihuInkundu_plot293_r14c2,NM201811_(136662C2/136706),NM201910_(136662C3/161584),,,,2
16NM_ITC1460-IjihuInkundu_plot296_r15c2,NM201810_(136507C2/161548),NM201904_(136507C3/161503),,,,2
16NM_ITC1460-IjihuInkundu_plot297_r15c3,NM201811_(136628C2/136460),NM201911_(136628C3/161503),,,,2
16NM_ITC1460-IjihuInkundu_plot300_r15c6,NM201905_(136468C2/161582),,,,,1
16NM_ITC1460-IjihuInkundu_plot301_r15c7,NM201810_(136496C2/136460),,,,,1
16NM_ITC1460-IjihuInkundu_plot304_r15c10,NM201912_(136651C2/161584),,,,,1
16NM_ITC1460-IjihuInkundu_plot305_r15c11,NM201908_(136475C2/161503),NM202104_(136475C3/161494),,,,2
16NM_ITC1460-IjihuInkundu_plot307_r15c13,NM201810_(136376C2/136460),,,,,1
16NM_ITC1460-IjihuInkundu_plot308_r15c14,NM201811_(136476C2/136392),,,,,1
16NM_ITC1460-IjihuInkundu_plot309_r15c15,NM201904_(136455C2/161503),,,,,1
16NM_ITC1460-IjihuInkundu_plot310_r15c16,NM201810_(136679C2/136653),,,,,1
16NM_ITC1460-IjihuInkundu_plot311_r15c17,NM201901_(136339C2/136706),NM201912_(136339C3/161421),,,,2
16NM_ITC1460-IjihuInkundu_plot312_r15c18,NM201812_(136447C2/161503),NM201912_(136447C3/161584),NM202102_(136447C3/161460),,,3
16NM_ITC1460-IjihuInkundu_plot314_r15c20,NM201812_(136375C2/161584),NM201911_(136375C3/161500),NM202010_(136375C3/161477),,,3
16NM_ITC1460-IjihuInkundu_plot315_r15c21,NM201904_(136459C2/161582),NM202003_(136459C3/161536),,,,2
16NM_ITC1460-IjihuInkundu_plot316_r16c21,NM201812_(136304C2/136510),,,,,1
16NM_ITC1460-IjihuInkundu_plot317_r16c20,NM201809_(136506C2/136599),NM201909_(136506C3/161554),,,,2
16NM_ITC1460-IjihuInkundu_plot319_r16c18,NM201904_(136584C2/136604),,,,,1
16NM_ITC1460-IjihuInkundu_plot320_r16c17,NM202012_(136348C2/161439),,,,,1
16NM_ITC1460-IjihuInkundu_plot321_r16c16,NM201904_(136558C2/161582),,,,,1
16NM_ITC1460-IjihuInkundu_plot322_r16c15,NM201810_(136668C2/136295),NM201911_(136668C3/161500),NM202101_(136668C3/161516),,,3
16NM_ITC1460-IjihuInkundu_plot323_r16c14,NM202010_(136579C2/161541),,,,,1
16NM_ITC1460-IjihuInkundu_plot324_r16c13,NM202001_(136401C2/161468),,,,,1
16NM_ITC1460-IjihuInkundu_plot327_r16c10,NM202001_(136347C2/161536),,,,,1
16NM_ITC1460-IjihuInkundu_plot328_r16c9,NM201810_(136482C2/136510),NM201911_(136482C3/161421),NM202102_(136482C3/161494),,,3
16NM_ITC1460-IjihuInkundu_plot329_r16c8,NM202102_(136522C2/161460),,,,,1
16NM_ITC1460-IjihuInkundu_plot331_r16c6,NM202103_(136292C2/161536),,,,,1
16NM_ITC1460-IjihuInkundu_plot333_r16c4,NM202002_(136576C2/161477),,,,,1
16NM_ITC1460-IjihuInkundu_plot335_r16c2,NM201811_(136390C2/136653),NM202001_(136390C3/161468),,,,2
16NM_ITC1460-IjihuInkundu_plot338_r17c2,NM201810_(136464C2/136295),,,,,1
16NM_ITC1460-IjihuInkundu_plot340_r17c4,NM201911_(136337C2/161541),NM202010_(136337C3/161500),,,,2
16NM_ITC1460-IjihuInkundu_plot342_r17c6,NM201905_(136427C2/161503),,,,,1
16NM_ITC1460-IjihuInkundu_plot344_r17c8,NM201812_(136598C2/161503),,,,,1
16NM_ITC1460-IjihuInkundu_plot345_r17c9,NM201811_(136581C2/136460),NM201911_(136581C3/161421),,,,2
16NM_ITC1460-IjihuInkundu_plot346_r17c10,NM201903_(136566C2/136510),,,,,1
16NM_ITC1460-IjihuInkundu_plot349_r17c13,NM201810_(136545C2/136460),NM201810_(136545C3/136460),,,,2
16NM_ITC1460-IjihuInkundu_plot350_r17c14,NM201902_(136320C2/161541),NM202001_(136320C3/161536),,,,2
16NM_ITC1460-IjihuInkundu_plot351_r17c15,NM201811_(136406C2/136706),NM201909_(136406C3/161480),NM202008_(136406C3/161554),,,3
16NM_ITC1460-IjihuInkundu_plot352_r17c16,NM201901_(136597C2/136392),,,,,1
16NM_ITC1460-IjihuInkundu_plot353_r17c17,NM201810_(136669C2/136357),,,,,1
16NM_ITC1460-IjihuInkundu_plot354_r17c18,NM201810_(136700C2/136357),NM201911_(136700C3/161480),NM202010_(136700C3/161477),,,3
16NM_ITC1460-IjihuInkundu_plot355_r17c19,NM201901_(136382C2/161503),NM202101_(136382C/161480),,,,2
16NM_ITC1460-IjihuInkundu_plot356_r17c20,NM201904_(136717C2/161503),NM202006_(136717C3/161551),,,,2
16NM_ITC1468-Kahuti_plot100_r5c16,NM201902_(136467C2/161477),NM202002_(136467C3/161480),,,,2
16NM_ITC1468-Kahuti_plot101_r5c17,NM201903_(136335C2/136510),NM202003_(136335C3/161477),,,,2
16NM_ITC1468-Kahuti_plot102_r5c18,NM201901_(136290C2/161584),NM202001_(136290C3/161554),,,,2
16NM_ITC1468-Kahuti_plot103_r5c19,NM201904_(136419C2/161582),NM202008_(136419C3/161582),,,,2
16NM_ITC1468-Kahuti_plot104_r5c20,NM201908_(136369C2/161503),NM202011_(136369C3/161418),,,,2
16NM_ITC1468-Kahuti_plot105_r5c21,NM201902_(136705C2/161582),NM201905_(136705C3/161446),NM202006_(136705C3/161541),,,3
16NM_ITC1468-Kahuti_plot10_r1c10,NM201809_(136636C2/136706),NM201911_(136636C3/161421),NM202006_(136636C3/161541),,,3
16NM_ITC1468-Kahuti_plot11_r1c11,NM201810_(136311C2/136510),NM202006_(136311C3/161554),,,,2
16NM_ITC1468-Kahuti_plot12_r1c12,NM201809_(136444C2/136295),NM201810_(136444C2/136460),NM201909_(136444C3/161503),NM202005_(136444C3/161460),,4
16NM_ITC1468-Kahuti_plot13_r1c13,NM201810_(136703C2/136510),NM201909_(136703C3/161541),NM202005_(136703C3/161541),,,3
16NM_ITC1468-Kahuti_plot14_r1c14,NM201908_(136360C2/161503),,,,,1
16NM_ITC1468-Kahuti_plot15_r1c15,NM201809_(136330C2/136283),NM201910_(136330C3/161584),NM202006_(136330C3/161468),,,3
16NM_ITC1468-Kahuti_plot16_r1c16,NM201809_(136293C2/136357),NM201904_(136293C3/161582),NM202103_(136293C3/161554),,,3
16NM_ITC1468-Kahuti_plot17_r1c17,NM201905_(136567C2/161503),NM202003_(136567C3/161554),NM202103_(136567C3/161499),,,3
16NM_ITC1468-Kahuti_plot18_r1c18,NM201907_(136518C2/161503),NM202003_(136518C3/161508),,,,2
16NM_ITC1468-Kahuti_plot19_r1c19,NM201907_(136661C2/161554),NM202003_(136661C3/161541),NM202012_(136661C3/161480),,,3
16NM_ITC1468-Kahuti_plot20_r1c20,NM201904_(136532C2/136604),NM202003_(136532C3/161536),NM202103_(136532C3/161590),,,3
16NM_ITC1468-Kahuti_plot21_r1c21,NM201811_(136397C2/136653),NM201906_(136397C3/161554),NM202103_(136397C3/161460),,,3
16NM_ITC1468-Kahuti_plot22_r2c21,NM201908_(136491C2/161503),,,,,1
16NM_ITC1468-Kahuti_plot23_r2c20,NM201907_(136378C2/161554),NM202008_(136378C3/161554),,,,2
16NM_ITC1468-Kahuti_plot24_r2c19,NM201812_(136365C2/161584),NM202009_(136365C3/161439),,,,2
16NM_ITC1468-Kahuti_plot25_r2c18,NM201904_(136470C2/161503),,,,,1
16NM_ITC1468-Kahuti_plot27_r2c16,NM201811_(136524C2/161584),NM201912_(136524C3/161480),NM202005_(136524C3/161541),,,3
16NM_ITC1468-Kahuti_plot29_r2c14,NM201810_(136319C2/136357),NM201911_(136319C3/161421),,,,2
16NM_ITC1468-Kahuti_plot2_r1c2,NM201904_(136568C2/161503),NM201909_(136568C3/161554),NM202010_(136568C3/161541),,,3
16NM_ITC1468-Kahuti_plot30_r2c13,NM201908_(136673C2/161554),NM202012_(136673C3/161578),NM202103_(136673C3/161590),,,3
16NM_ITC1468-Kahuti_plot31_r2c12,NM201810_(136309C2/136460),NM201909_(136309C3/161541),,,,2
16NM_ITC1468-Kahuti_plot32_r2c11,NM201811_(136284C2/136357),,,,,1
16NM_ITC1468-Kahuti_plot35_r2c8,NM201901_(136310C2/136706),NM201911_(136310C3/161500),NM202102_(136310C3/161554),,,3
16NM_ITC1468-Kahuti_plot36_r2c7,NM201902_(136499C2/161584),NM202008_(136499C3/161418),,,,2
16NM_ITC1468-Kahuti_plot37_r2c6,NM201903_(136391C2/161582),NM202008_(136391C3/161424),,,,2
16NM_ITC1468-Kahuti_plot38_r2c5,NM201906_(136718C2/161477),,,,,1
16NM_ITC1468-Kahuti_plot39_r2c4,NM201906_(136440C2/161503),,,,,1
16NM_ITC1468-Kahuti_plot3_r1c3,NM201904_(136707C2/136604),NM202104_(136707C3/161494),,,,2
16NM_ITC1468-Kahuti_plot40_r2c3,NM201906_(136682C2/161503),NM202003_(136682C3/161584),,,,2
16NM_ITC1468-Kahuti_plot41_r2c2,NM201901_(136445C2/161584),NM202002_(136445C3/161541),,,,2
16NM_ITC1468-Kahuti_plot44_r3c2,NM201904_(136523C2/161503),,,,,1
16NM_ITC1468-Kahuti_plot45_r3c3,NM201904_(136450C2/136604),NM201911_(136450C3/161480),,,,2
16NM_ITC1468-Kahuti_plot46_r3c4,NM201810_(136493C2/136460),NM202001_(136493C3/161480),,,,2
16NM_ITC1468-Kahuti_plot47_r3c5,NM202103_(136386C2/161578),,,,,1
16NM_ITC1468-Kahuti_plot48_r3c6,NM201812_(136644C2/161503),NM202001_(136644C3/161582),NM202103_(136644C3/161590),,,3
16NM_ITC1468-Kahuti_plot49_r3c7,NM201812_(136363C2/161503),,,,,1
16NM_ITC1468-Kahuti_plot4_r1c4,NM201811_(136719C2/136460),NM201908_(136719C3/161554),,,,2
16NM_ITC1468-Kahuti_plot50_r3c8,NM201812_(136652C2/161584),NM201912_(136652C3/161411),NM202102_(136652C3/161590),,,3
16NM_ITC1468-Kahuti_plot52_r3c10,NM202102_(136446C2/161554),,,,,1
16NM_ITC1468-Kahuti_plot54_r3c12,NM201810_(136663C2/136460),NM201905_(136663C3/161582),,,,2
16NM_ITC1468-Kahuti_plot55_r3c13,NM201810_(136294C2/161548),NM201911_(136294C3/161500),NM202012_(136294C3/161483),,,3
16NM_ITC1468-Kahuti_plot56_r3c14,NM201811_(136659C2/161503),NM202008_(136659C3/161548),,,,2
16NM_ITC1468-Kahuti_plot57_r3c15,NM201810_(136300C2/136460),NM201903_(136300C3/161424),NM202009_(136300C3/161494),NM202009_(136300C3/161522),NM202009_(136300C3/161554),5
16NM_ITC1468-Kahuti_plot58_r3c16,NM201810_(136327C2/136490),NM201911_(136327C3/161480),,,,2
16NM_ITC1468-Kahuti_plot59_r3c17,NM201809_(136689C2/136295),NM201909_(136689C3/161480),,,,2
16NM_ITC1468-Kahuti_plot5_r1c5,NM201809_(136395C2/136460),NM201910_(136395C3/161480),,,,2
16NM_ITC1468-Kahuti_plot60_r3c18,NM201903_(136556C2/161424),,,,,1
16NM_ITC1468-Kahuti_plot61_r3c19,NM201905_(136413C2/161446),NM202101_(136413C/161480),,,,2
16NM_ITC1468-Kahuti_plot62_r3c20,NM201811_(136340C2/136357),NM202010_(136340C3/161554),,,,2
16NM_ITC1468-Kahuti_plot63_r3c21,NM201903_(136615C2/136510),NM202101_(136615C/161480),,,,2
16NM_ITC1468-Kahuti_plot64_r4c21,NM202005_(136441C2/161595),,,,,1
16NM_ITC1468-Kahuti_plot65_r4c20,NM201903_(136549C2/161439),NM202007_(136549C3/161433),,,,2
16NM_ITC1468-Kahuti_plot66_r4c19,NM201907_(136660C2/161554),NM202009_(136660C3/161541),,,,2
16NM_ITC1468-Kahuti_plot67_r4c18,NM201904_(136341C2/161503),NM202011_(136341C3/161460),,,,2
16NM_ITC1468-Kahuti_plot68_r4c17,NM201903_(136457C2/161582),NM202008_(136457C3/161554),NM202009_(136457C3/161582),,,3
16NM_ITC1468-Kahuti_plot69_r4c16,NM201810_(136582C2/136460),NM201902_(136582C3/161477),NM202003_(136582C3/161536),NM202103_(136582C3/161578),,4
16NM_ITC1468-Kahuti_plot6_r1c6,NM201909_(136497C2/161584),,,,,1
16NM_ITC1468-Kahuti_plot70_r4c15,NM201911_(136667C2/161480),NM202104_(136667C3/161494),,,,2
16NM_ITC1468-Kahuti_plot71_r4c14,NM201811_(136289C2/136295),NM202001_(136289C3/161487),,,,2
16NM_ITC1468-Kahuti_plot72_r4c13,NM201810_(136623C2/136510),NM202104_(136623C3/161405),,,,2
16NM_ITC1468-Kahuti_plot73_r4c12,NM202010_(136336C2/161487),,,,,1
16NM_ITC1468-Kahuti_plot75_r4c10,NM201812_(136681C2/161584),NM201912_(136681C3/161433),NM202104_(136681C3/161554),,,3
16NM_ITC1468-Kahuti_plot76_r4c9,NM202001_(136338C2/161554),NM202105_(136338C3/161582),,,,2
16NM_ITC1468-Kahuti_plot78_r4c7,NM201904_(136541C2/161554),NM202011_(136541C3/161516),,,,2
16NM_ITC1468-Kahuti_plot79_r4c6,NM201911_(136594C2/161541),,,,,1
16NM_ITC1468-Kahuti_plot7_r1c7,NM201809_(136617C2/136460),,,,,1
16NM_ITC1468-Kahuti_plot81_r4c4,NM201811_(136554C2/136460),NM201912_(136554C3/161480),,,,2
16NM_ITC1468-Kahuti_plot82_r4c3,NM201810_(136573C2/136510),NM201911_(136573C3/161541),,,,2
16NM_ITC1468-Kahuti_plot83_r4c2,NM201810_(136473C2/136460),NM201910_(136473C3/161541),NM202012_(136473C/161483),,,3
16NM_ITC1468-Kahuti_plot86_r5c2,NM201812_(136560C2/136706),NM201910_(136560C3/161584),NM202012_(136560C/161480),,,3
16NM_ITC1468-Kahuti_plot87_r5c3,NM201811_(136434C2/136357),NM202001_(136434C3/161567),,,,2
16NM_ITC1468-Kahuti_plot88_r5c4,NM201901_(136672C2/161503),,,,,1
16NM_ITC1468-Kahuti_plot89_r5c5,NM201904_(136307C2/136604),NM202101_(136307C3/161534),NM202102_(136307C3/161458),NM202103_(136307C3/161578),,4
16NM_ITC1468-Kahuti_plot8_r1c8,NM201907_(136388C2/161503),NM201910_(136388C3/161503),,,,2
16NM_ITC1468-Kahuti_plot91_r5c7,NM201908_(136430C2/161500),NM202009_(136430C3/161560),,,,2
16NM_ITC1468-Kahuti_plot93_r5c9,NM201903_(136315C2/161582),NM202006_(136315C3/161554),,,,2
16NM_ITC1468-Kahuti_plot94_r5c10,NM201901_(136502C2/161503),NM201912_(136502C3/161414),NM202102_(136502C3/161578),NM202103_(136502C3/161447),NM202103_(136502C3/161578),5
16NM_ITC1468-Kahuti_plot95_r5c11,NM201811_(136529C2/136510),NM202006_(136529C3/161554),NM202105_(136529C3/161499),,,3
16NM_ITC1468-Kahuti_plot96_r5c12,NM201810_(136381C2/136357),NM201811_(136381C3/136283),,,,2
16NM_ITC1468-Kahuti_plot97_r5c13,NM201810_(136442C2/136510),NM201911_(136442C3/161480),,,,2
16NM_ITC1468-Kahuti_plot98_r5c14,NM201906_(136389C2/161503),NM202011_(136389C3/161460),,,,2
16NM_ITC1468-Kahuti_plot99_r5c15,NM201809_(136622C2/136510),NM201911_(136622C3/161480),NM202103_(136622C3/161571),,,3
16NM_ITC1468-Kahuti_plot9_r1c9,NM201909_(136713C2/161584),,,,,1
16NM_MchareLaini_plot190_r10c21,NM201811_(136527C2/136510),,,,,1
16NM_MchareLaini_plot191_r10c20,NM201901_(136586C2/161584),NM201911_(136586C3/161554),,,,2
16NM_MchareLaini_plot192_r10c19,NM201809_(136686C2/136510),NM201909_(136686C3/161500),NM202102_(136686C3/161578),,,3
16NM_MchareLaini_plot194_r10c17,NM201901_(136299C2/161584),,,,,1
16NM_MchareLaini_plot196_r10c15,NM201811_(136722C2/136357),,,,,1
16NM_MchareLaini_plot203_r10c8,NM201906_(136551C2/161477),,,,,1
16NM_MchareLaini_plot206_r10c5,NM201911_(136287C2/161480),,,,,1
16NM_MchareLaini_plot207_r10c4,NM201904_(136640C2/136604),,,,,1
16NM_MchareLaini_plot209_r10c2,NM201908_(136607C2/161584),,,,,1
16NM_MchareLaini_plot212_r11c2,NM201902_(136596C2/161582),NM202002_(136596C3/161487),,,,2
16NM_MchareLaini_plot216_r11c6,NM201810_(136609C2/161424),,,,,1
16NM_MchareLaini_plot217_r11c7,NM201901_(136481C2/161503),,,,,1
16NM_MchareLaini_plot228_r11c18,NM201901_(136578C2/161503),NM201912_(136578C3/161554),,,,2
16NM_MchareLaini_plot230_r11c20,NM201905_(136414C2/161554),,,,,1
16NM_MchareLaini_plot231_r11c21,NM202006_(136534C2/161584),,,,,1
16NM_MchareLaini_plot232_r12c21,NM201902_(136635C2/136677),NM201911_(136635C3/161500),,,,2
16NM_MchareLaini_plot234_r12c19,NM201909_(136374C2/161503),,,,,1
16NM_MchareLaini_plot235_r12c18,NM201811_(136495C2/136510),NM201909_(136495C3/161554),,,,2
16NM_MchareLaini_plot239_r12c14,NM202012_(136483C2/161483),,,,,1
16NM_MchareLaini_plot245_r12c8,NM201901_(136698C2/161506),,,,,1
16NM_MchareLaini_plot246_r12c7,NM201901_(136408C2/161503),NM201904_(136408C3/161582),,,,2
16NM_MchareLaini_plot247_r12c6,NM201905_(136561C2/161582),,,,,1
16NM_MchareLaini_plot248_r12c5,NM201909_(136711C2/161503),,,,,1
16NM_MchareLaini_plot249_r12c4,NM201811_(136354C2/136295),NM201903_(136354C3/161424),,,,2
16NM_MchareLaini_plot250_r12c3,NM201911_(136687C2/161500),,,,,1
16NM_MchareLaini_plot251_r12c2,NM201901_(136602C2/161477),NM201911_(136602C3/161500),,,,2
16NM_MchareLaini_plot254_r13c2,NM201902_(136478C3/161541),NM202009_(136478C4/161412),,,,2
16NM_MchareLaini_plot255_r13c3,NM201811_(136627C2/136460),NM201910_(136627C3/161480),,,,2
16NM_MchareLaini_plot256_r13c4,NM201904_(136610C2/161503),,,,,1
16NM_MchareLaini_plot257_r13c5,NM201811_(136704C2/136510),NM201912_(136704C3/161472),NM202102_(136704C3/161494),,,3
16NM_MchareLaini_plot259_r13c7,NM201811_(136298C2/136295),,,,,1
16NM_MchareLaini_plot263_r13c11,NM201905_(136641C2/161584),,,,,1
16NM_MchareLaini_plot266_r13c14,NM201811_(136429C2/161503),NM201912_(136429C3/161480),,,,2
16NM_MchareLaini_plot269_r13c17,NM201809_(136487C2/136510),NM201907_(136487C3/161500),,,,2
16NM_MchareLaini_plot270_r13c18,NM201812_(136393C2/161503),,,,,1
16NM_MchareLaini_plot272_r13c20,NM201809_(136525C2/136357),,,,,1
16NM_MchareLaini_plot273_r13c21,NM201906_(136351C2/161503),,,,,1
2018NMMH_ITC0249-Calcutta4_B2R1C12Plot397,NM202008_(197267C1/196873),,,,,1
2018NMMH_MshaleLaini_B1R24C3Plot96,NM202009_(197010C1/196873),,,,,1
2018NMMH_NM154-1_B1R13C5Plot157,NM202010_(197348C1/196873),,,,,1
2018NMMH_NM154-1_B1R15C5Plot159,NM202102_(197361C1/196869),,,,,1
2018NMMH_NM154-1_B2R31C10Plot355,NM202101_(196942C1/197190),NM202105_(196942C2/196850),,,,2
2018NMMH_NM154-1_B3R8C17Plot584,NM202101_(197411C1/197248),,,,,1
2018NMMH_NM185-1_B1R10C5Plot154,NM202008_(197237C1/164452),,,,,1
2018NMMH_NM185-1_B1R12C5Plot156,NM202012_(197394C1/197190),,,,,1
2018NMMH_NM185-1_B2R25C10Plot349,NM202009_(197158C1/196873),,,,,1
2018NMMH_NM185-1_B2R26C10Plot350,NM202008_(197227C1/164452),,,,,1
2018NMMH_NM211-1_B3R15C17Plot591,NM202105_(196864C1/196849),,,,,1
2018NMMH_NM221-1_B2R28C10Plot352,NM202010_(197294C1/164450),,,,,1
2018NMMH_NM226-11_B1R22C5Plot166,NM202101_(196963C1/196873),,,,,1
2018NMMH_NM226-11_B1R23C5Plot167,NM202012_(197273C1/197190),NM202104_(197273C2/196852),,,,2
2018NMMH_NM226-11_B2R7C10Plot331,NM202008_(196893C1/196873),,,,,1
2018NMMH_NM226-14_B1R12C1Plot12,NM202105_(196897C1/196852),,,,,1
2018NMMH_NM226-14_B2R25C11Plot385,NM202008_(197155C1/164457),,,,,1
2018NMMH_NM226-14_B2R27C11Plot387,NM202011_(197003C1/196873),,,,,1
2018NMMH_NM226-14_B3R13C16Plot553,NM202008_(196883C1/164452),NM202101_(196883C2/197190),,,,2
2018NMMH_NM226-14_B3R14C16Plot554,NM202104_(197207C1/196852),,,,,1
2018NMMH_NM226-15_B2R9C11Plot369,NM202008_(197252C1/164452),,,,,1
2018NMMH_NM226-16_B1R8C5Plot152,NM202101_(197301C1/164452),,,,,1
2018NMMH_NM226-16_B2R2C11Plot362,NM202008_(197367C1/164457),,,,,1
2018NMMH_NM226-16_B2R3C11Plot363,NM202104_(197174C1/196852),,,,,1
2018NMMH_NM226-4_B1R25C5Plot169,NM202008_(196870C1/164452),,,,,1
2018NMMH_NM226-4_B1R26C5Plot170,NM202101_(197001C1/197163),,,,,1
2018NMMH_NM226-4_B2R2C10Plot326,NM202010_(197149C1/196873),,,,,1
2018NMMH_NM226-4_B2R3C10Plot327,NM202102_(196936C1/197190),,,,,1
2018NMMH_NM226-5_B1R19C5Plot163,NM202008_(197171C1/164452),,,,,1
2018NMMH_NM226-5_B2R34C10Plot358,NM202101_(196904C1/197248),,,,,1
2018NMMH_NM226-5_B2R36C10Plot360,NM202012_(197223C1/196873),,,,,1
2018NMMH_NM226-9_B3R19C16Plot559,NM202105_(197397C1/196852),,,,,1
2018NMMH_NM226-9_B3R21C16Plot561,NM202101_(197025C1/197190),,,,,1
2018NMMH_NM237-8_B1R16C4Plot124,NM202011_(197235C1/164464),,,,,1
2018NMMH_NM237-8_B1R17C4Plot125,NM202103_(196878C1/164457),,,,,1
2018NMMH_NM237-8_B1R18C4Plot126,NM202010_(197189C1/164452),,,,,1
2018NMMH_NM237-8_B2R28C11Plot388,NM202012_(197044C1/164464),NM202102_(197044C2/164452),,,,2
2018NMMH_NM237-8_B2R29C11Plot389,NM202102_(196915C1/196873),,,,,1
2018NMMH_NM237-8_B2R30C11Plot390,NM202012_(197213C1/197220),NM202104_(197213C2/196850),,,,2
2018NMMH_NM237-8_B3R13C13Plot445,NM202012_(196971C1/197248),,,,,1
2018NMMH_NM237-8_B3R14C13Plot446,NM202101_(196928C1/197190),NM202104_(196928C2/196850),,,,2
2018NMMH_NM237-8_B3R15C13Plot447,NM202008_(197291C1/164464),NM202103_(197291C2/196873),,,,2
2018NMMH_NM248-1_B2R34C7Plot250,NM202101_(197425C1/164452),,,,,1
2018NMMH_NM248-1_B2R35C7Plot251,NM202102_(196848C1/196873),,,,,1
2018NMMH_NM248-1_B2R36C7Plot252,NM202012_(196912C1/197220),,,,,1
2018NMMH_NM248-1_B3R32C13Plot464,NM202010_(197422C1/164452),NM202104_(197422C2/196894),,,,2
2018NMMH_NM248-1_B3R33C13Plot465,NM202010_(196946C1/164457),,,,,1
2018NMMH_NM258-3_B2R31C7Plot247,NM202010_(196934C1/196873),NM202103_(196934C2/197152),,,,2
2018NMMH_NM258-3_B2R32C7Plot248,NM202010_(197299C1/164464),NM202105_(197299C2/196852),,,,2
2018NMMH_NM258-3_B2R33C7Plot249,NM202101_(196921C1/164452),,,,,1
2018NMMH_NM258-3_B3R28C13Plot460,NM202009_(196944C1/196873),,,,,1
2018NMMH_NM258-3_B3R30C13Plot462,NM202008_(197116C1/164457),NM202102_(197116C2/164464),,,,2
2018NMMH_NM259-1_B1R32C5Plot176,NM202010_(197302C1/164457),,,,,1
2018NMMH_NM259-1_B1R33C5Plot177,NM202105_(197256C1/196850),,,,,1
2018NMMH_NM259-1_B2R6C7Plot222,NM202009_(196895C1/196873),,,,,1
2018NMMH_NM259-1_B3R25C16Plot565,NM202104_(196953C1/196850),,,,,1
2018NMMH_NM275-4_B1R21C1Plot21,NM202102_(196858C1/197163),,,,,1
2018NMMH_NM275-4_B2R26C7Plot242,NM202009_(197194C1/164457),,,,,1
2018NMMH_NM275-4_B3R22C13Plot454,NM202009_(197225C1/164457),,,,,1
2018NMMH_NM275-4_B3R24C13Plot456,NM202104_(197136C1/196852),,,,,1
2018NMMH_NM275-8_B2R16C11Plot376,NM202102_(197192C1/196873),,,,,1
2018NMMH_NM275-8_B3R35C13Plot467,NM202102_(197170C1/197190),,,,,1
2018NMMH_NM276-3_B1R13C4Plot121,NM202011_(196888C1/164457),,,,,1
2018NMMH_NM276-3_B1R14C4Plot122,NM202009_(197033C1/196873),NM202102_(197033C2/196873),,,,2
2018NMMH_NM276-3_B1R15C4Plot123,NM202009_(197454C1/196873),NM202009_(197454C1/197308),NM202103_(197454C2/164464),,,3
2018NMMH_NM276-3_B2R22C11Plot382,NM202011_(197204C1/164457),NM202103_(197204C2/164452),,,,2
2018NMMH_NM276-3_B2R23C11Plot383,NM202012_(196993C1/164457),,,,,1
2018NMMH_NM276-3_B3R16C16Plot556,NM202008_(197160C1/164464),NM202012_(197160C/197190),,,,2
2018NMMH_NM276-3_B3R17C16Plot557,NM202008_(196868C1/196873),NM202010_(196868C2/164457),,,,2
2018NMMH_T.1687-1_B1R4C4Plot112,NM202010_(197065C1/164457),,,,,1
2018NMMH_T.1687-1_B1R6C4Plot114,NM202103_(197345C1/164464),,,,,1
2018NMMH_T.1687-1_B2R29C9Plot317,NM202009_(196970C1/164457),,,,,1
2018NMMH_T.1687-1_B2R30C9Plot318,NM202101_(196890C1/196873),,,,,1
2018NMMH_T.1687-1_B3R28C16Plot568,NM202010_(197404C1/164457),,,,,1
2018NMMH_T.1687-1_B3R29C16Plot569,NM202010_(196923C1/164450),,,,,1
2018NMMH_T.1687-1_B3R30C16Plot570,NM202012_(197098C1/164457),,,,,1
2018NMMH_T.1768-1_B1R8C4Plot116,NM202012_(197356C1/197220),,,,,1
2018NMMH_T.1768-1_B2R18C7Plot234,NM202012_(197365C1/197220),,,,,1
2018NMMH_T.2070-1_B1R32C3Plot104,NM202009_(197042C1/164457),,,,,1
2018NMMH_T.2070-1_B1R33C3Plot105,NM202009_(196916C1/164457),,,,,1
2018NMMH_T.2070-1_B2R1C7Plot217,NM202104_(197040C1/196849),,,,,1
2018NMMH_T.2070-1_B2R3C7Plot219,NM202102_(197027C1/164464),,,,,1
2018NMMH_T.2070-1_B3R4C13Plot436,NM202011_(197132C1/153038),,,,,1
2018NMMH_T.2070-1_B3R5C13Plot437,NM202012_(197335C1/197248),,,,,1
2018NMMH_T.2115-1_B1R3C4Plot111,NM202011_(197451C1/164464),,,,,1
2018NMMH_T.2151-1_B2R30C7Plot246,NM202012_(197414C1/197220),,,,,1
2018NMMH_T.2151-1_B3R26C13Plot458,NM202011_(196922C1/197369),NM202103_(196922C2/164457),,,,2
2018NMMH_T.2151-1_B3R27C13Plot459,NM202009_(196905C1/164457),,,,,1
2018NMMH_T.2203-1_B1R28C3Plot100,NM202012_(197022C1/197248),,,,,1
2018NMMH_T.2203-1_B1R29C3Plot101,NM202102_(197048C1/164464),,,,,1
2018NMMH_T.2203-1_B1R30C3Plot102,NM202008_(197435C1/196873),,,,,1
2018NMMH_T.2203-1_B2R35C8Plot287,NM202010_(197265C1/164457),NM202104_(197265C2/196849),,,,2
2018NMMH_T.2203-1_B2R36C8Plot288,NM202009_(197134C1/164457),,,,,1
2018NMMH_T.2203-1_B3R13C14Plot481,NM202012_(197402C1/197248),,,,,1
2018NMMH_T.2203-1_B3R15C14Plot483,NM202010_(196907C1/196873),NM202101_(196907C/197248),,,,2
2018NMMH_T.2269-1_B1R26C3Plot98,NM202101_(197128C1/197163),,,,,1
2018NMMH_T.2269-1_B1R27C3Plot99,NM202012_(196980C1/197190),,,,,1
2018NMMH_T.2269-1_B2R22C8Plot274,NM202101_(197069C1/197163),NM202105_(197069C2/196849),,,,2
2018NMMH_T.2269-1_B2R23C8Plot275,NM202104_(197431C1/196849),,,,,1
2018NMMH_T.2269-1_B2R24C8Plot276,NM202101_(196857C1/164464),,,,,1
2018NMMH_T.2269-1_B3R34C15Plot538,NM202010_(196931C1/164452),,,,,1
2018NMMH_T.2269-1_B3R35C15Plot539,NM202104_(196933C1/196852),,,,,1
2018NMMH_T.2269-1_B3R36C15Plot540,NM202102_(197201C1/197163),,,,,1
2018NMMH_T.2269-2_B1R34C2Plot70,NM202008_(196997C1/196873),NM202103_(196997C2/164457),,,,2
2018NMMH_T.2269-2_B1R36C2Plot72,NM202102_(197008C1/164452),,,,,1
2018NMMH_T.2269-2_B2R1C9Plot289,NM202008_(196957C1/196873),,,,,1
2018NMMH_T.2269-2_B2R3C9Plot291,NM202104_(197433C1/196850),,,,,1
2018NMMH_T.2269-2_B3R31C16Plot571,NM202011_(197445C1/164457),NM202105_(197445C2/196849),,,,2
2018NMMH_T.2269-2_B3R32C16Plot572,NM202101_(197357C1/197248),,,,,1
2018NMMH_T.2273-1_B1R35C1Plot35,NM202101_(197104C1/196873),,,,,1
2018NMMH_T.2273-1_B2R19C11Plot379,NM202008_(197045C1/164452),NM202102_(197045C2/136676),,,,2
2018NMMH_T.2273-1_B2R21C11Plot381,NM202012_(196978C1/197220),,,,,1
2018NMMH_T.2273-1_B3R1C17Plot577,NM202104_(197209C1/196852),,,,,1
2018NMMH_T.2273-2_B1R1C3Plot73,NM202012_(196945C1/196876),,,,,1
2018NMMH_T.2273-2_B1R3C3Plot75,NM202009_(196874C1/164457),,,,,1
2018NMMH_T.2273-2_B2R22C9Plot310,NM202104_(197321C1/196849),,,,,1
2018NMMH_T.2273-2_B2R23C9Plot311,NM202101_(197383C1/197248),,,,,1
2018NMMH_T.2273-2_B3R7C15Plot511,NM202012_(197019C1/197220),,,,,1
2018NMMH_T.2274-12_B2R16C8Plot268,NM202010_(197341C1/164452),NM202102_(197341C2/196873),,,,2
2018NMMH_T.2274-12_B2R17C8Plot269,NM202102_(197342C1/197163),,,,,1
2018NMMH_T.2274-12_B2R18C8Plot270,NM202008_(196989C1/196873),,,,,1
2018NMMH_T.2274-12_B3R4C14Plot472,NM202101_(197173C1/196959),,,,,1
2018NMMH_T.2274-12_B3R6C14Plot474,NM202009_(196999C1/164457),NM202103_(196999C2/136676),,,,2
2018NMMH_T.2274-1_B1R13C1Plot13,NM202105_(196862C1/196849),,,,,1
2018NMMH_T.2274-1_B2R23C7Plot239,NM202010_(197009C1/164452),NM202103_(197009C2/197152),,,,2
2018NMMH_T.2274-1_B2R24C7Plot240,NM202008_(197245C1/164452),,,,,1
2018NMMH_T.2274-1_B3R19C13Plot451,NM202011_(197351C1/164464),,,,,1
2018NMMH_T.2274-1_B3R20C13Plot452,NM202012_(197281C1/164464),,,,,1
2018NMMH_T.2274-3_B1R13C3Plot85,NM202009_(196967C1/196873),NM202104_(196967C2/196849),,,,2
2018NMMH_T.2274-3_B1R14C3Plot86,NM202008_(197072C1/196873),NM202103_(197072C2/164457),NM202103_(197072C2/197152),,,3
2018NMMH_T.2274-3_B3R17C13Plot449,NM202008_(197375C1/196873),,,,,1
2018NMMH_T.2274-4_B1R10C3Plot82,NM202009_(197286C1/196873),NM202009_(197286C1/197308),,,,2
2018NMMH_T.2274-4_B1R11C3Plot83,NM202101_(196986C1/164464),,,,,1
2018NMMH_T.2274-4_B1R12C3Plot84,NM202102_(197349C1/196873),,,,,1
2018NMMH_T.2274-4_B2R13C9Plot301,NM202009_(197376C1/164452),,,,,1
2018NMMH_T.2274-4_B2R15C9Plot303,NM202012_(197147C1/164452),,,,,1
2018NMMH_T.2274-6_B1R16C2Plot52,NM202104_(197076C1/196849),,,,,1
2018NMMH_T.2274-6_B1R17C2Plot53,NM202010_(197268C1/164457),,,,,1
2018NMMH_T.2274-6_B2R11C9Plot299,NM202105_(197415C1/196849),,,,,1
2018NMMH_T.2274-6_B2R12C9Plot300,NM202101_(196956C1/197220),,,,,1
2018NMMH_T.2274-6_B3R22C15Plot526,NM202104_(197035C1/196852),,,,,1
2018NMMH_T.2274-6_B3R23C15Plot527,NM202009_(197054C1/164450),NM202102_(197054C2/164464),,,,2
2018NMMH_T.2274-7_B1R5C3Plot77,NM202102_(196969C1/197163),,,,,1
2018NMMH_T.2274-7_B2R19C9Plot307,NM202103_(196994C1/164457),,,,,1
2018NMMH_T.2274-7_B2R20C9Plot308,NM202101_(197210C1/197190),NM202105_(197210C2/196849),,,,2
2018NMMH_T.2274-7_B3R23C14Plot491,NM202009_(197006C1/164457),,,,,1
2018NMMH_T.2274-8_B1R28C5Plot172,NM202012_(197047C1/197193),,,,,1
2018NMMH_T.2274-8_B1R29C5Plot173,NM202009_(197279C1/164457),NM202104_(197279C2/196849),,,,2
2018NMMH_T.2274-8_B1R30C5Plot174,NM202010_(197330C1/164457),,,,,1
2018NMMH_T.2274-8_B2R23C10Plot347,NM202105_(196866C1/196849),,,,,1
2018NMMH_T.2274-8_B2R24C10Plot348,NM202102_(197103C1/164452),,,,,1
2018NMMH_T.2274-8_B3R7C13Plot439,NM202008_(196952C1/164452),NM202103_(196952C2/164457),,,,2
2018NMMH_T.2274-9_B1R25C4Plot133,NM202011_(197084C1/153038),NM202103_(197084C2/197152),,,,2
2018NMMH_T.2274-9_B2R10C11Plot370,NM202103_(197430C1/164452),,,,,1
2018NMMH_T.2274-9_B2R11C11Plot371,NM202101_(197373C1/196873),,,,,1
2018NMMH_T.2274-9_B3R11C16Plot551,NM202008_(196901C1/164457),,,,,1
2018NMMH_T.2274-9_B3R12C16Plot552,NM202105_(197432C1/196849),,,,,1
2018NMMH_T.2317-1_B1R19C3Plot91,NM202008_(197216C1/164452),NM202104_(197216C2/196849),,,,2
2018NMMH_T.2317-1_B1R20C3Plot92,NM202009_(197024C1/164452),,,,,1
2018NMMH_T.2317-1_B1R21C3Plot93,NM202103_(196974C1/164457),,,,,1
2018NMMH_T.2317-1_B2R8C8Plot260,NM202009_(197017C1/196873),,,,,1
2018NMMH_T.2317-1_B2R9C8Plot261,NM202010_(196958C1/164452),,,,,1
2018NMMH_T.2317-1_B3R1C15Plot505,NM202008_(197336C1/196873),,,,,1
2018NMMH_T.2327-1_B1R22C2Plot58,NM202011_(197074C1/164464),,,,,1
2018NMMH_T.2327-1_B1R23C2Plot59,NM202102_(197288C1/196873),,,,,1
2018NMMH_T.2327-1_B1R24C2Plot60,NM202009_(196984C1/196873),,,,,1
2018NMMH_T.2327-1_B2R6C9Plot294,NM202009_(197066C1/164457),,,,,1
2018NMMH_T.2327-1_B3R18C15Plot522,NM202104_(197052C1/196852),,,,,1
2018NMMH_T.2619-15_B2R7C7Plot223,NM202103_(197041C1/164448),,,,,1
2018NMMH_T.2619-15_B3R2C13Plot434,NM202101_(196990C1/164464),,,,,1
2018NMMH_T.2619-15_B3R3C13Plot435,NM202010_(196860C1/196873),NM202102_(196860C2/197163),,,,2
2018NMMH_T.2691-15_B2R11C10Plot335,NM202101_(197304C1/197190),,,,,1
2018NMMH_T.2691-17_B2R15C10Plot339,NM202104_(197307C1/196849),,,,,1
2018NMMH_T.2691-6_B2R13C11Plot373,NM202008_(197298C1/196873),,,,,1
2018NMMH_T.2691-6_B2R15C11Plot375,NM202102_(197113C1/164452),,,,,1
2018NMMH_T.2691-9_B1R2C5Plot146,NM202105_(197303C1/196849),,,,,1
2018NMMH_T.2691-9_B2R13C7Plot229,NM202012_(197179C1/197220),,,,,1
2018NMMH_T.2691-9_B2R14C7Plot230,NM202101_(197364C1/164452),,,,,1
2018NMMH_T.2696-9_B2R19C10Plot343,NM202105_(197306C1/196852),,,,,1
2018NMMH_T.2728-19_B2R4C10Plot328,NM202105_(197110C1/196850),,,,,1
2018NMMH_T.2728-19_B2R5C10Plot329,NM202102_(196995C1/164452),,,,,1
2018NMMH_T.2728-19_B2R6C10Plot330,NM202103_(197408C1/197220),,,,,1
2018NMMH_T.2728-19_B3R4C16Plot544,NM202011_(197312C1/196959),NM202104_(197312C2/196850),,,,2
2018NMMH_T.2728-19_B3R5C16Plot545,NM202102_(197456C1/197163),,,,,1
2018NMMH_T.2728-19_B3R6C16Plot546,NM202012_(197180C1/197220),,,,,1
2018NMMH_T.2731-2_B2R4C11Plot364,NM202009_(197381C1/164457),,,,,1
2018NMMH_T.2731-2_B3R31C15Plot535,NM202012_(197360C1/197190),,,,,1
2018NMMH_T.2731-2_B3R32C15Plot536,NM202011_(197380C1/164457),NM202104_(197380C2/196850),,,,2
2018NMMH_T.2731-2_B3R33C15Plot537,NM202009_(197197C1/164457),NM202103_(197197C2/164457),,,,2
2018NMMH_T.2731-5_B2R31C11Plot391,NM202012_(197343C1/197248),NM202104_(197343C2/196852),,,,2
2018NMMH_T.2731-5_B2R32C11Plot392,NM202010_(196988C1/196873),NM202102_(196988C2/164452),,,,2
2018NMMH_T.2731-5_B3R7C16Plot547,NM202102_(197236C1/164452),,,,,1
2018NMMH_T.2731-5_B3R9C16Plot549,NM202012_(197058C1/197220),,,,,1
2020PollinationBlock2b_Mchare_Block1R1C3P11,NM202011_(231515C1/161536),,,,,1
2020PollinationBlock2b_Mchare_Block1R1C4P16,NM202101_(231359C1/161413),,,,,1
2020PollinationBlock2b_Mchare_Block2R1C1P26,NM202012_(231547C1/161554),,,,,1
2020PollinationBlock2b_Mchare_Block2R1C3P40,NM202012_(231661C1/161542),,,,,1
2020PollinationBlock2b_Mchare_Block2R2C4P44,NM202102_(231678C1/161467),,,,,1
2020PollinationBlock2b_Mchare_Block2R2C5P46,NM202011_(231537C1/161482),,,,,1
2020PollinationBlock2b_Mchare_Block2R2C5P49,NM202011_(231919C1/161508),,,,,1
2020PollinationBlock2b_Mchare_Block2R2C5P50,NM202103_(231705C1/161602),,,,,1
2020PollinationBlock2b_Mchare_Block3R2C3P61,NM202103_(231826C1/161578),,,,,1
2020PollinationBlock2b_Mchare_Block3R2C3P63,NM202102_(231841C1/161578),,,,,1
2020PollinationBlock2b_Mchare_Block3R2C4P67,NM202101_(231643C1/161554),,,,,1
2020PollinationBlock2b_Mchare_Block4R3C2P82,NM202011_(231670C1/161578),,,,,1
2020PollinationBlock2b_Mchare_Block4R3C3P86,NM202012_(231559C1/161582),,,,,1
2020PollinationBlock2b_Mchare_Block4R3C4P92,NM202008_(231786C1/161464),,,,,1
2020PollinationBlock2b_Mchare_Block4R3C4P93,NM202012_(231755C1/161582),,,,,1
2020PollinationBlock2b_Mchare_Block4R3C4P94,NM202101_(231845C1/161467),,,,,1
2020PollinationBlock2b_Mchare_Block4R3C5P98,NM202011_(231787C1/161554),,,,,1
2020PollinationBlock2b_Mchare_Block6R4C1P126,NM202008_(231867C1/161461),,,,,1
2020PollinationBlock2b_Mchare_Block6R4C2P133,NM202103_(231719C1/161578),,,,,1
2020PollinationBlock2b_Mchare_Block6R4C5P150,NM202103_(231953C1/161499),,,,,1
2020PollinationBlock2b_Mchare_Block6R4C5P162,NM202012_(231412C1/161480),,,,,1
2020PollinationBlock2b_Mchare_Block6R4C5P173,NM202102_(231373C1/161576),,,,,1
2020PollinationBlock2b_Mchare_Block6R4C5P179,NM202008_(231954C1/161494),,,,,1
2020PollinationBlock2b_Mchare_Block6R4C5P182,NM202102_(231463C1/161563),,,,,1
2020PollinationBlock2b_Mchare_Block6R4C5P183,NM202104_(231901C1/161578),,,,,1
2020PollinationBlock2b_Mchare_Block6R4C5P184,NM202103_(231544C1/161590),,,,,1
2020PollinationBlock2b_Mchare_Block6R4C5P186,NM202011_(231758C1/161472),,,,,1
2020PollinationBlock2b_Mchare_Block6R4C5P188,NM202010_(231816C1/161424),,,,,1
2020PollinationBlock2b_Mchare_Block6R4C5P190,NM202103_(231650C1/161505),,,,,1
2020PollinationBlock2b_Mchare_Block6R4C5P192,NM202012_(231730C1/161578),,,,,1
2020PollinationBlock2b_Mchare_Block6R4C5P200,NM202101_(231561C1/161467),,,,,1
2020PollinationBlock2b_Mchare_Block6R4C5P202,NM202102_(231557C1/161439),,,,,1
2020PollinationBlock2b_Mchare_Block6R4C5P224,NM202012_(231619C1/161582),,,,,1
2020PollinationBlock2b_Mchare_Block6R4C5P231,NM202012_(231685C1/161582),,,,,1
2020PollinationBlock2b_Mchare_Block6R4C5P237,NM202101_(231386C1/161480),,,,,1
2020PollinationBlock2b_Mchare_Block6R4C5P241,NM202101_(231565C1/161582),,,,,1
2020PollinationBlock2b_Mchare_Block6R4C5P245,NM202103_(231421C1/161542),,,,,1
2020PollinationBlock2b_Mchare_Block6R4C5P264,NM202103_(231534C1/161578),,,,,1
2020PollinationBlock2b_Mchare_Block6R4C5P265,NM202012_(231610C1/161554),,,,,1
2020PollinationBlock2b_Mchare_Block6R4C5P267,NM202101_(231385C1/161469),,,,,1
2020PollinationBlock2b_Mchare_Block6R4C5P271,NM202011_(231665C1/161467),,,,,1
2020PollinationBlock2b_Mchare_Block6R4C5P275,NM202104_(231517C1/161405),,,,,1
2020PollinationBlock2b_Mchare_Block6R4C5P286,NM202103_(231938C1/161460),,,,,1
2020PollinationBlock2b_Mchare_Block6R4C5P292,NM202103_(231802C1/161536),,,,,1
2020PollinationBlock2b_Mchare_Block6R4C5P296,NM202008_(231910C1/161494),,,,,1
2020PollinationBlock2b_Mchare_Block6R4C5P307,NM202008_(231487C1/161554),,,,,1
2020PollinationBlock2b_Mchare_Block6R4C5P313,NM202102_(231506C1/161439),,,,,1
2020PollinationBlock2b_Mchare_Block6R4C5P314,NM202011_(231576C1/161571),,,,,1
2020PollinationBlock2b_Mchare_Block6R4C5P317,NM202011_(231823C1/161467),,,,,1
2020PollinationBlock2b_Mchare_Block6R4C5P341,NM202012_(231653C1/161480),,,,,1
2020PollinationBlock2b_Mchare_Block6R4C5P349,NM202010_(231623C1/161554),,,,,1
2020PollinationBlock2b_Mchare_Block6R4C5P352,NM202101_(231413C1/161522),,,,,1
2020PollinationBlock2b_Mchare_Block6R4C5P353,NM202010_(231535C1/161508),,,,,1
2020PollinationBlock2b_Mchare_Block6R4C5P365,NM202010_(231389C1/161508),,,,,1
2020PollinationBlock2b_Mchare_Block6R4C5P376,NM202104_(231604C1/161571),,,,,1
2020PollinationBlock2b_Mchare_Block6R4C5P378,NM202010_(231553C1/161479),,,,,1
2020PollinationBlock2b_Mchare_Block6R4C5P383,NM202010_(231679C1/161477),,,,,1
2020PollinationBlock2b_Mchare_Block6R4C5P388,NM202010_(231601C1/161477),,,,,1
2020PollinationBlock2b_Mchare_Block6R4C5P390,NM202101_(231797C1/161483),,,,,1
2020PollinationBlock2b_Mchare_Block6R4C5P396,NM202012_(231648C1/161522),,,,,1
2020PollinationBlock2b_Mchare_Block6R4C5P400,NM202010_(231564C1/161522),,,,,1
2020PollinationBlock2b_Mchare_Block6R4C5P406,NM202102_(231903C1/161578),,,,,1
2020PollinationBlock2b_Mchare_Block6R4C5P407,NM202012_(231809C1/161554),,,,,1
2020PollinationBlock2b_Mchare_Block6R4C5P423,NM202101_(231654C1/161554),,,,,1
2020PollinationBlock2b_Mchare_Block6R4C5P435,NM202101_(231775C1/161413),,,,,1
2020PollinationBlock2b_Mchare_Block6R4C5P443,NM202012_(231807C1/161483),,,,,1
2020PollinationBlock2b_Mchare_Block6R4C5P451,NM202011_(231607C1/161461),,,,,1
2020PollinationBlock2b_Mchare_Block6R4C5P462,NM202012_(231746C1/161483),,,,,1
2020PollinationBlock2b_Mchare_Block6R4C5P469,NM202102_(231668C1/161578),,,,,1
2020PollinationBlock2b_Mchare_Block6R4C5P478,NM202102_(231523C1/161567),,,,,1
2020PollinationBlock2b_Mchare_Block6R4C5P503,NM202010_(231499C1/161479),,,,,1
2020PollinationBlock2b_Mchare_Block6R4C5P526,NM202011_(231914C1/161472),,,,,1
2020PollinationBlock2b_Mchare_Block6R4C5P528,NM202008_(231618C1/161467),,,,,1
2020PollinationBlock2b_Mchare_Block6R4C5P529,NM202102_(231698C1/161467),,,,,1
2020PollinationBlock2b_Mchare_Block6R4C5P530,NM202008_(231495C1/161417),,,,,1
2020PollinationBlock2b_Mchare_Block6R4C5P535,NM202011_(231464C1/161494),,,,,1
2020PollinationBlock2b_Mchare_Block6R4C5P536,NM202103_(231603C1/161578),,,,,1
2020PollinationBlock2b_Mchare_Block6R4C5P537,NM202102_(231848C1/161554),,,,,1
2020PollinationBlock2b_Mchare_Block6R4C5P541,NM202008_(231450C1/161412),,,,,1
2020PollinationBlock2b_Mchare_Block6R4C5P545,NM202102_(231402C1/161560),,,,,1
2020PollinationBlock2b_Mchare_Block6R4C5P553,NM202103_(231456C1/161508),,,,,1
2020PollinationBlock2b_Mchare_Block6R4C5P556,NM202103_(231435C1/161536),,,,,1
2020PollinationBlock2b_Mchare_Block6R4C5P562,NM202102_(231894C1/161560),,,,,1
2020PollinationBlock2b_Mchare_Block6R4C5P565,NM202105_(231613C1/161405),,,,,1
2020PollinationBlock2b_Mchare_Block6R4C5P569,NM202101_(231861C1/161554),,,,,1
2020PollinationBlock2b_Mchare_Block6R4C5P574,NM202011_(231631C1/161516),,,,,1
2020PollinationBlock2b_Mchare_Block6R4C5P580,NM202012_(231732C1/161554),,,,,1
2020PollinationBlock2b_Mchare_Block6R4C5P583,NM202104_(231652C1/161578),,,,,1
2020PollinationBlock2b_Mchare_Block6R4C5P584,NM202102_(231939C1/161591),,,,,1
2020PollinationBlock2b_Mchare_Block6R4C5P589,NM202102_(231840C1/161505),,,,,1
2020PollinationBlock2b_Mchare_Block6R4C5P593,NM202104_(231889C1/161494),,,,,1
2020PollinationBlock2b_Mchare_Block6R4C5P596,NM202008_(231931C1/161500),,,,,1
2020PollinationblockGWASBoders_ITC1455-MchareMlelembo_P58R3C1,NM202101_(231316C1/161554),,,,,1
2020PollinationblockGWASBoders_ITC1455-MchareMlelembo_P60R3C1,NM202010_(231300C1/161554),,,,,1
2020PollinationblockGWASBoders_ITC1455-MchareMlelembo_P63R3C1,NM202101_(231299C1/161595),,,,,1
2020PollinationblockGWASBoders_ITC1455-MchareMlelembo_P68R3C1,NM202101_(231303C1/161516),,,,,1
2020PollinationblockGWASBoders_ITC1455-MchareMlelembo_P69R3C1,NM202010_(231287C1/161460),,,,,1
2020PollinationblockGWASBoders_ITC1455-MchareMlelembo_P72R3C1,NM202103_(231241C1/161554),,,,,1
2020PollinationblockGWASBoders_ITC1455-MchareMlelembo_P75R3C1,NM202010_(231267C1/161554),,,,,1
2020PollinationblockGWASBoders_Majimaji_P104R5C1,NM202010_(231255C1/161508),,,,,1
2020PollinationblockGWASBoders_Majimaji_P107R5C1,NM202009_(231246C1/161554),,,,,1
2020PollinationblockGWASBoders_Majimaji_P108R5C1,NM202102_(231314C1/161460),NM202102_(231314C2/161500),,,,2
2020PollinationblockGWASBoders_Majimaji_P109R5C1,NM202101_(231208C1/161480),,,,,1
2020PollinationblockGWASBoders_Majimaji_P111R5C1,NM202012_(231281C1/161554),,,,,1
2020PollinationblockGWASBoders_Majimaji_P114R5C1,NM202009_(231315C1/161494),NM202105_(231315C2/161405),,,,2
2020PollinationblockGWASBoders_Majimaji_P115R5C1,NM202101_(231323C1/161525),,,,,1
2020PollinationblockGWASBoders_Majimaji_P116R5C1,NM202010_(231280C1/161578),,,,,1
2020PollinationblockGWASBoders_Majimaji_P118R5C1,NM202010_(231279C1/161571),NM202102_(231279C2/161576),,,,2
2020PollinationblockGWASBoders_Majimaji_P120R5C1,NM202009_(231282C1/161554),,,,,1
2020PollinationblockGWASBoders_Majimaji_P121R5C1,NM202010_(231266C1/161405),,,,,1
2020PollinationblockGWASBoders_Majimaji_P122R5C1,NM202009_(231268C1/161505),,,,,1
2020PollinationblockGWASBoders_Majimaji_P124R5C1,NM202012_(231326C1/161554),,,,,1
2020PollinationblockGWASBoders_Majimaji_P126R6C1,NM202103_(231253C1/161484),,,,,1
2020PollinationblockGWASBoders_Majimaji_P127R6C1,NM202010_(231188C1/161554),,,,,1
2020PollinationblockGWASBoders_Majimaji_P129R6C1,NM202009_(231185C1/161502),,,,,1
2020PollinationblockGWASBoders_Majimaji_P137R6C1,NM202101_(231215C1/161578),,,,,1
2020PollinationblockGWASBoders_Majimaji_P140R6C1,NM202012_(231307C1/161480),,,,,1
2020PollinationblockGWASBoders_Majimaji_P142R6C1,NM202009_(231184C1/161494),NM202012_(231184C/161483),,,,2
2020PollinationblockGWASBoders_Majimaji_P143R6C1,NM202010_(231186C1/161441),NM202101_(231186C2/161458),,,,2
2020PollinationblockGWASBoders_Majimaji_P144R6C1,NM202010_(231296C1/161578),,,,,1
2020PollinationblockGWASBoders_Majimaji_P146R6C1,NM202009_(231250C1/161599),NM202101_(231250C2/161554),,,,2
2020PollinationblockGWASBoders_Majimaji_P147R6C1,NM202012_(231321C1/161483),,,,,1
2020PollinationblockGWASBoders_Majimaji_P148R6C1,NM202010_(231311C1/161499),,,,,1
2020PollinationblockGWASBoders_MuraruMlalu_P10R1C1,NM202008_(231301C1/161412),,,,,1
2020PollinationblockGWASBoders_MuraruMlalu_P12R1C1,NM202103_(231298C1/161494),,,,,1
2020PollinationblockGWASBoders_MuraruMlalu_P14R1C1,NM202105_(231256C1/161405),,,,,1
2020PollinationblockGWASBoders_MuraruMlalu_P22R1C1,NM202011_(231200C1/161554),,,,,1
2020PollinationblockGWASBoders_MuraruMlalu_P23R1C1,NM202010_(231284C1/161590),,,,,1
2020PollinationblockGWASBoders_MuraruMlalu_P25R1C1,NM202009_(231289C1/161522),,,,,1
2020PollinationblockGWASBoders_MuraruMlalu_P2R1C1,NM202010_(231222C1/161503),,,,,1
2020PollinationblockGWASBoders_MuraruWhite_P100R4C1,NM202010_(231249C1/161571),,,,,1
2020PollinationblockGWASBoders_MuraruWhite_P102R4C1,NM202011_(231297C1/161571),,,,,1
2020PollinationblockGWASBoders_MuraruWhite_P81R4C1,NM202104_(231182C1/161405),,,,,1
2020PollinationblockGWASBoders_MuraruWhite_P84R4C1,NM202008_(231219C1/161541),,,,,1
2020PollinationblockGWASBoders_MuraruWhite_P85R4C1,NM202104_(231190C1/161460),,,,,1
2020PollinationblockGWASBoders_MuraruWhite_P87R4C1,NM202012_(231313C1/161480),,,,,1
2020PollinationblockGWASBoders_MuraruWhite_P88R4C1,NM202102_(231212C1/161494),,,,,1
2020PollinationblockGWASBoders_MuraruWhite_P91R4C1,NM202008_(231294C1/161578),,,,,1
2020PollinationblockGWASBoders_MuraruWhite_P96R4C1,NM202101_(231319C1/161478),,,,,1
2020PollinationblockGWASBoders_TT2_P31R2C1,NM202103_(231258C1/161578),,,,,1
2020PollinationblockGWASBoders_TT2_P32R2C1,NM202010_(231251C1/161571),,,,,1
2020PollinationblockGWASBoders_TT2_P33R2C1,NM202011_(231234C1/161516),,,,,1
2020PollinationblockGWASBoders_TT2_P34R2C1,NM202009_(231254C1/161554),,,,,1
2020PollinationblockGWASBoders_TT2_P35R2C1,NM202104_(231206C1/161472),,,,,1
2020PollinationblockGWASBoders_TT2_P38R2C1,NM202103_(231245C1/161554),,,,,1
2020PollinationblockGWASBoders_TT2_P43R2C1,NM202009_(231199C1/161554),NM202009_(231199C2/161522),,,,2
2020PollinationblockGWASBoders_TT2_P45R2C1,NM202009_(231224C1/161541),,,,,1
2020PollinationblockGWASBoders_TT2_P48R2C1,NM202009_(231264C1/161522),,,,,1
2020PollinationblockGWASBoders_TT2_P49R2C1,NM202009_(231232C1/161412),,,,,1
2020PollinationblockGWASBoders_TT2_P51R2C1,NM202011_(231236C1/161571),,,,,1
NM2018_Huti-white_block_4_1001,NM202002_(190481C1/161478),,,,,1
NM2018_Huti-white_block_4_1002,NM202003_(190466C1/161554),,,,,1
NM2018_Huti-white_block_4_1003,NM202011_(190614C1/161571),,,,,1
NM2018_Huti-white_block_4_1005,NM202003_(191018C1/161536),NM202003_(191018C2/161462),,,,2
NM2018_Huti-white_block_4_1011,NM201910_(190690C1/161500),,,,,1
NM2018_Huti-white_block_4_1013,NM201912_(190553C1/161458),,,,,1
NM2018_Huti-white_block_4_1018,NM202007_(190924C1/161541),NM202007_(190924C1/161584),,,,2
NM2018_Huti-white_block_4_1020,NM202001_(190654C1/161555),,,,,1
NM2018_Huti-white_block_4_1021,NM202001_(190602C1/161508),NM202012_(190602C/161480),,,,2
NM2018_Huti-white_block_4_1029,NM202002_(190547C1/161554),NM202002_(190547C2/161554),,,,2
NM2018_Huti-white_block_4_1033,NM202009_(190909C1/161541),NM202009_(190909C2/161412),,,,2
NM2018_Huti-white_block_4_1036,NM202008_(191066C1/161522),,,,,1
NM2018_Huti-white_block_4_1037,NM202007_(190534C1/161554),NM202010_(190534C2/161554),,,,2
NM2018_Huti-white_block_4_1074,NM202012_(190538C1/161483),,,,,1
NM2018_Huti-white_block_4_1075,NM202002_(190972C1/161424),,,,,1
NM2018_Huti-white_block_4_1111,NM202007_(190565C1/161413),NM202010_(190565C2/161578),,,,2
NM2018_Huti-white_block_4_1115,NM202010_(191054C1/161571),,,,,1
NM2018_Huti-white_block_4_1120,NM202102_(190531C1/161554),,,,,1
NM2018_Huti-white_block_4_1163,NM202102_(191045C1/161564),,,,,1
NM2018_Huti-white_block_4_1164,NM201912_(190470C1/161554),NM202103_(191135C2/161554),,,,2
NM2018_Huti-white_block_4_1174,NM202011_(190686C1/161522),,,,,1
NM2018_Huti-white_block_4_1200,NM202101_(190455C1/161554),,,,,1
NM2018_Huti-white_block_4_1201,NM202001_(190572C1/161571),,,,,1
NM2018_Huti-white_block_4_1203,NM202003_(190973C1/161536),,,,,1
NM2018_Huti-white_block_4_1207,NM202011_(190905C1/161554),,,,,1
NM2018_Huti-white_block_4_1234,NM202003_(190506C1/161571),,,,,1
NM2018_Huti-white_block_4_1237,NM202010_(190685C1/161578),,,,,1
NM2018_Huti-white_block_4b_plot10,NM202002_(190348C1/161554),NM202011_(190348C2/161554),,,,2
NM2018_Huti-white_block_4b_plot100,NM202003_(190375C1/161462),,,,,1
NM2018_Huti-white_block_4b_plot101,NM202103_(190291C1/161405),,,,,1
NM2018_Huti-white_block_4b_plot102,NM202002_(190434C1/161441),,,,,1
NM2018_Huti-white_block_4b_plot103,NM201910_(190379C1/161480),NM202011_(190379C2/161516),,,,2
NM2018_Huti-white_block_4b_plot104,NM201912_(190321C1/161421),NM202102_(190321C2/161578),,,,2
NM2018_Huti-white_block_4b_plot105,NM202012_(190350C1/161467),,,,,1
NM2018_Huti-white_block_4b_plot106,NM201911_(190339C1/161480),NM202010_(190339C2/161447),,,,2
NM2018_Huti-white_block_4b_plot107,NM202001_(190338C1/161554),,,,,1
NM2018_Huti-white_block_4b_plot108,NM202001_(190230C1/161536),,,,,1
NM2018_Huti-white_block_4b_plot11,NM202001_(190326C1/161554),NM202104_(190326C2/161590),,,,2
NM2018_Huti-white_block_4b_plot111,NM201912_(190454C1/161555),NM202011_(190454C2/161508),,,,2
NM2018_Huti-white_block_4b_plot112,NM201910_(190351C1/161472),,,,,1
NM2018_Huti-white_block_4b_plot113,NM201911_(190439C1/161421),,,,,1
NM2018_Huti-white_block_4b_plot114,NM202008_(190423C1/161460),,,,,1
NM2018_Huti-white_block_4b_plot117,NM202001_(190264C1/161508),,,,,1
NM2018_Huti-white_block_4b_plot12,NM201912_(190333C1/161458),,,,,1
NM2018_Huti-white_block_4b_plot120,NM201911_(190412C1/161500),NM202011_(190412C2/161578),,,,2
NM2018_Huti-white_block_4b_plot122,NM201911_(190393C1/161571),NM202011_(190393C2/161578),,,,2
NM2018_Huti-white_block_4b_plot123,NM202011_(190203C1/161554),,,,,1
NM2018_Huti-white_block_4b_plot125,NM202104_(190279C1/161494),,,,,1
NM2018_Huti-white_block_4b_plot127,NM202009_(190364C1/161541),,,,,1
NM2018_Huti-white_block_4b_plot13,NM202001_(190433C1/161536),NM202002_(190433C2/161536),NM202102_(190433C2/161505),,,3
NM2018_Huti-white_block_4b_plot133,NM202007_(190376C1/161412),NM202007_(190376C1/161541),,,,2
NM2018_Huti-white_block_4b_plot135,NM202008_(190353C1/161502),,,,,1
NM2018_Huti-white_block_4b_plot136,NM202006_(190441C1/161586),,,,,1
NM2018_Huti-white_block_4b_plot139,NM202008_(190399C1/161522),,,,,1
NM2018_Huti-white_block_4b_plot14,NM202002_(190270C1/161554),,,,,1
NM2018_Huti-white_block_4b_plot140,NM202012_(190446C1/161483),,,,,1
NM2018_Huti-white_block_4b_plot145,NM202006_(190390C1/161554),,,,,1
NM2018_Huti-white_block_4b_plot146,NM202012_(190359C1/161480),,,,,1
NM2018_Huti-white_block_4b_plot148,NM202006_(190385C1/161554),,,,,1
NM2018_Huti-white_block_4b_plot149,NM202006_(190209C1/161548),,,,,1
NM2018_Huti-white_block_4b_plot151,NM202008_(190318C1/161405),,,,,1
NM2018_Huti-white_block_4b_plot155,NM202001_(190302C1/161480),,,,,1
NM2018_Huti-white_block_4b_plot157,NM202012_(190336C1/161582),,,,,1
NM2018_Huti-white_block_4b_plot159,NM201911_(190421C1/161421),,,,,1
NM2018_Huti-white_block_4b_plot16,NM202002_(190315C1/161494),,,,,1
NM2018_Huti-white_block_4b_plot161,NM202001_(190391C1/161447),NM202101_(190391C2/161494),,,,2
NM2018_Huti-white_block_4b_plot162,NM201911_(190310C1/161554),NM202012_(190310C/161483),,,,2
NM2018_Huti-white_block_4b_plot163,NM201911_(190449C1/161500),NM202102_(190449C2/161590),,,,2
NM2018_Huti-white_block_4b_plot164,NM201910_(190349C1/161554),NM202010_(190349C2/161554),,,,2
NM2018_Huti-white_block_4b_plot165,NM202001_(190301C1/161554),,,,,1
NM2018_Huti-white_block_4b_plot166,NM201911_(190453C1/161500),,,,,1
NM2018_Huti-white_block_4b_plot167,NM201912_(190245C1/161440),NM202010_(190245C2/161554),,,,2
NM2018_Huti-white_block_4b_plot168,NM201911_(190316C1/161500),NM202010_(190316C2/161554),NM202011_(190316C2/161439),,,3
NM2018_Huti-white_block_4b_plot169,NM201911_(190260C1/161421),NM202005_(190260C2/161414),NM202012_(190260C2/161554),,,3
NM2018_Huti-white_block_4b_plot171,NM202001_(190284C1/161411),,,,,1
NM2018_Huti-white_block_4b_plot172,NM201910_(190440C1/161500),NM202009_(190440C2/161460),,,,2
NM2018_Huti-white_block_4b_plot174,NM201911_(190327C1/161480),,,,,1
NM2018_Huti-white_block_4b_plot175,NM201911_(190266C1/161500),NM202101_(190266C/161480),,,,2
NM2018_Huti-white_block_4b_plot176,NM201911_(190443C1/161554),,,,,1
NM2018_Huti-white_block_4b_plot177,NM202001_(190426C1/161508),,,,,1
NM2018_Huti-white_block_4b_plot181,NM201911_(190206C1/161480),,,,,1
NM2018_Huti-white_block_4b_plot182,NM201912_(190235C1/161421),,,,,1
NM2018_Huti-white_block_4b_plot183,NM202006_(190238C1/161413),,,,,1
NM2018_Huti-white_block_4b_plot189,NM202007_(190368C1/161554),,,,,1
NM2018_Huti-white_block_4b_plot19,NM202103_(190388C1/161460),,,,,1
NM2018_Huti-white_block_4b_plot191,NM202007_(190275C1/161508),,,,,1
NM2018_Huti-white_block_4b_plot192,NM202007_(190246C1/161554),,,,,1
NM2018_Huti-white_block_4b_plot193,NM202006_(190222C1/161554),,,,,1
NM2018_Huti-white_block_4b_plot194,NM202006_(190357C1/161567),,,,,1
NM2018_Huti-white_block_4b_plot198,NM202009_(190286C1/161522),,,,,1
NM2018_Huti-white_block_4b_plot202,NM202008_(190451C1/161414),,,,,1
NM2018_Huti-white_block_4b_plot203,NM202007_(190242C1/161554),,,,,1
NM2018_Huti-white_block_4b_plot204,NM202008_(190313C1/161502),,,,,1
NM2018_Huti-white_block_4b_plot206,NM202007_(190325C1/161554),,,,,1
NM2018_Huti-white_block_4b_plot207,NM202010_(190308C1/161460),,,,,1
NM2018_Huti-white_block_4b_plot209,NM202003_(190345C1/161462),NM202104_(190345C2/161494),,,,2
NM2018_Huti-white_block_4b_plot21,NM202105_(190241C1/161405),,,,,1
NM2018_Huti-white_block_4b_plot210,NM202006_(190208C1/161461),,,,,1
NM2018_Huti-white_block_4b_plot213,NM202012_(190262C1/161582),,,,,1
NM2018_Huti-white_block_4b_plot214,NM202001_(190367C1/161554),,,,,1
NM2018_Huti-white_block_4b_plot217,NM201911_(190268C1/161480),,,,,1
NM2018_Huti-white_block_4b_plot218,NM201911_(190377C1/161500),,,,,1
NM2018_Huti-white_block_4b_plot219,NM201912_(190408C1/161508),NM202011_(190408C2/161571),,,,2
NM2018_Huti-white_block_4b_plot220,NM201911_(190263C1/161554),NM202012_(190263C/161480),,,,2
NM2018_Huti-white_block_4b_plot221,NM202002_(190251C1/161554),,,,,1
NM2018_Huti-white_block_4b_plot223,NM201911_(190239C1/161541),NM202011_(190239C2/161571),,,,2
NM2018_Huti-white_block_4b_plot224,NM201911_(190299C1/161571),NM202006_(190299C2/161536),,,,2
NM2018_Huti-white_block_4b_plot225,NM201911_(190244C1/161554),NM202006_(190244C2/161447),,,,2
NM2018_Huti-white_block_4b_plot226,NM201912_(190320C1/161554),NM202011_(190320C2/161522),,,,2
NM2018_Huti-white_block_4b_plot227,NM202001_(190274C1/161571),,,,,1
NM2018_Huti-white_block_4b_plot228,NM201911_(190418C1/161421),NM202008_(190418C2/161541),,,,2
NM2018_Huti-white_block_4b_plot229,NM202001_(190253C1/161555),,,,,1
NM2018_Huti-white_block_4b_plot230,NM201910_(190240C1/161554),,,,,1
NM2018_Huti-white_block_4b_plot231,NM201910_(190278C1/161413),NM202011_(190278C2/161522),,,,2
NM2018_Huti-white_block_4b_plot232,NM201910_(190218C1/161472),NM202007_(190218C2/161467),,,,2
NM2018_Huti-white_block_4b_plot233,NM201910_(190442C1/161472),NM202010_(190442C2/161554),,,,2
NM2018_Huti-white_block_4b_plot234,NM201910_(190381C1/161541),NM202012_(190381C2/161508),,,,2
NM2018_Huti-white_block_4b_plot236,NM202001_(190365C1/161480),,,,,1
NM2018_Huti-white_block_4b_plot237,NM201910_(190329C1/161541),NM202010_(190329C2/161571),,,,2
NM2018_Huti-white_block_4b_plot238,NM201912_(190311C1/161480),NM202008_(190311C2/161502),NM202101_(190311C2/161494),,,3
NM2018_Huti-white_block_4b_plot239,NM202003_(190401C1/161419),,,,,1
NM2018_Huti-white_block_4b_plot24,NM202007_(190370C1/161433),,,,,1
NM2018_Huti-white_block_4b_plot240,NM202003_(190383C1/161554),NM202101_(190383C/161480),,,,2
NM2018_Huti-white_block_4b_plot245,NM202007_(190431C1/161554),NM202011_(190431C2/161562),,,,2
NM2018_Huti-white_block_4b_plot247,NM202104_(190228C1/161590),,,,,1
NM2018_Huti-white_block_4b_plot248,NM202007_(190343C1/161554),,,,,1
NM2018_Huti-white_block_4b_plot251,NM202010_(190232C1/161571),,,,,1
NM2018_Huti-white_block_4b_plot252,NM202012_(190288C1/161582),,,,,1
NM2018_Huti-white_block_4b_plot27,NM202005_(190409C1/161588),,,,,1
NM2018_Huti-white_block_4b_plot3,NM202012_(190249C1/161582),,,,,1
NM2018_Huti-white_block_4b_plot30,NM202005_(190407C1/161441),,,,,1
NM2018_Huti-white_block_4b_plot32,NM202005_(190250C1/161595),,,,,1
NM2018_Huti-white_block_4b_plot33,NM202006_(190314C1/161586),,,,,1
NM2018_Huti-white_block_4b_plot34,NM202010_(190233C1/161522),,,,,1
NM2018_Huti-white_block_4b_plot35,NM202008_(190271C1/161424),,,,,1
NM2018_Huti-white_block_4b_plot36,NM202006_(190398C1/161446),,,,,1
NM2018_Huti-white_block_4b_plot38,NM202006_(190410C1/161461),,,,,1
NM2018_Huti-white_block_4b_plot4,NM202003_(190342C1/161588),,,,,1
NM2018_Huti-white_block_4b_plot44,NM201912_(190445C1/161413),,,,,1
NM2018_Huti-white_block_4b_plot45,NM202002_(190450C1/161571),,,,,1
NM2018_Huti-white_block_4b_plot46,NM202009_(190227C1/161494),,,,,1
NM2018_Huti-white_block_4b_plot48,NM202002_(190248C1/161554),,,,,1
NM2018_Huti-white_block_4b_plot49,NM202001_(190281C1/161536),,,,,1
NM2018_Huti-white_block_4b_plot5,NM202102_(190231C1/161590),,,,,1
NM2018_Huti-white_block_4b_plot50,NM202002_(190435C1/161480),,,,,1
NM2018_Huti-white_block_4b_plot51,NM202001_(190225C1/161554),,,,,1
NM2018_Huti-white_block_4b_plot52,NM201911_(190354C1/161421),,,,,1
NM2018_Huti-white_block_4b_plot53,NM201911_(190363C1/161480),,,,,1
NM2018_Huti-white_block_4b_plot54,NM202012_(190234C1/161483),,,,,1
NM2018_Huti-white_block_4b_plot55,NM201911_(190213C1/161500),NM202008_(190213C2/161554),,,,2
NM2018_Huti-white_block_4b_plot56,NM201912_(190226C1/161405),,,,,1
NM2018_Huti-white_block_4b_plot57,NM201911_(190300C1/161541),,,,,1
NM2018_Huti-white_block_4b_plot58,NM201911_(190214C1/161480),NM202010_(190214C2/161447),,,,2
NM2018_Huti-white_block_4b_plot6,NM202103_(190282C1/161413),NM202103_(190282C2/161479),NM202105_(190282C2/161499),,,3
NM2018_Huti-white_block_4b_plot61,NM202001_(190447C1/161536),,,,,1
NM2018_Huti-white_block_4b_plot62,NM202001_(190396C1/161554),NM202012_(190396C2/161542),,,,2
NM2018_Huti-white_block_4b_plot63,NM202007_(190452C1/161554),,,,,1
NM2018_Huti-white_block_4b_plot65,NM201912_(190328C1/161555),,,,,1
NM2018_Huti-white_block_4b_plot66,NM201912_(190219C1/161411),NM202101_(190219C2/161578),,,,2
NM2018_Huti-white_block_4b_plot67,NM202002_(190322C1/161554),,,,,1
NM2018_Huti-white_block_4b_plot68,NM202010_(190417C1/161571),,,,,1
NM2018_Huti-white_block_4b_plot69,NM202002_(190293C1/161480),,,,,1
NM2018_Huti-white_block_4b_plot7,NM201911_(190236C1/161480),,,,,1
NM2018_Huti-white_block_4b_plot70,NM202002_(190252C1/161578),,,,,1
NM2018_Huti-white_block_4b_plot72,NM202005_(190356C1/161478),,,,,1
NM2018_Huti-white_block_4b_plot75,NM202007_(190243C1/161433),,,,,1
NM2018_Huti-white_block_4b_plot76,NM202005_(190332C1/161602),,,,,1
NM2018_Huti-white_block_4b_plot81,NM202007_(190269C1/161494),,,,,1
NM2018_Huti-white_block_4b_plot82,NM202008_(190430C1/161494),,,,,1
NM2018_Huti-white_block_4b_plot85,NM202010_(190346C1/161460),,,,,1
NM2018_Huti-white_block_4b_plot89,NM202006_(190220C1/161588),,,,,1
NM2018_Huti-white_block_4b_plot91,NM202008_(190395C1/161522),,,,,1
NM2018_Huti-white_block_4b_plot93,NM202005_(190221C1/161478),,,,,1
NM2018_Huti-white_block_4b_plot94,NM202008_(190277C1/161405),,,,,1
NM2018_Huti-white_block_4b_plot97,NM202006_(190380C1/161461),,,,,1
NM2018_Huti-white_block_4b_plot98,NM202010_(190259C1/161522),,,,,1
NM2018_Huti-white_block_4b_plot99,NM202002_(190438C1/161578),,,,,1
NM2018_ITC1468-kahuti_block_4_1009,NM202009_(190663C1/161467),,,,,1
NM2018_ITC1468-kahuti_block_4_1012,NM202002_(191120C1/161554),,,,,1
NM2018_ITC1468-kahuti_block_4_1015,NM202010_(191023C1/161571),,,,,1
NM2018_ITC1468-kahuti_block_4_1026,NM202012_(190660C1/161554),,,,,1
NM2018_ITC1468-kahuti_block_4_1028,NM202102_(190499C1/161480),,,,,1
NM2018_ITC1468-kahuti_block_4_1032,NM201910_(190976C1/161500),NM202101_(190611C2/161591),,,,2
NM2018_ITC1468-kahuti_block_4_1040,NM201912_(190540C1/161554),,,,,1
NM2018_ITC1468-kahuti_block_4_1043,NM201910_(190956C1/161554),,,,,1
NM2018_ITC1468-kahuti_block_4_1044,NM202010_(190568C1/161571),,,,,1
NM2018_ITC1468-kahuti_block_4_1045,NM202012_(191044C1/161516),,,,,1
NM2018_ITC1468-kahuti_block_4_1049,NM202003_(190653C1/161571),,,,,1
NM2018_ITC1468-kahuti_block_4_1050,NM202011_(190551C1/161571),,,,,1
NM2018_ITC1468-kahuti_block_4_1052,NM201911_(191089C1/161500),NM202007_(190476C2/161554),,,,2
NM2018_ITC1468-kahuti_block_4_1053,NM202009_(191095C1/161522),,,,,1
NM2018_ITC1468-kahuti_block_4_1054,NM202001_(190606C1/161536),,,,,1
NM2018_ITC1468-kahuti_block_4_1057,NM202003_(190898C1/161419),,,,,1
NM2018_ITC1468-kahuti_block_4_1062,NM202009_(191061C1/161406),,,,,1
NM2018_ITC1468-kahuti_block_4_1065,NM201912_(190687C1/161413),NM202010_(190687C2/161457),,,,2
NM2018_ITC1468-kahuti_block_4_1068,NM202101_(190535C1/161480),NM202101_(190535C2/161419),,,,2
NM2018_ITC1468-kahuti_block_4_1069,NM201911_(190958C1/161480),,,,,1
NM2018_ITC1468-kahuti_block_4_1072,NM202001_(190478C1/161554),,,,,1
NM2018_ITC1468-kahuti_block_4_1077,NM202010_(190985C1/161460),NM202103_(190985C2/161479),,,,2
NM2018_ITC1468-kahuti_block_4_1080,NM201911_(191117C1/161480),NM202003_(190504C2/161554),NM202103_(191117C2/161590),,,3
NM2018_ITC1468-kahuti_block_4_1082,NM202010_(191031C1/161571),,,,,1
NM2018_ITC1468-kahuti_block_4_1083,NM202012_(190954C1/161582),,,,,1
NM2018_ITC1468-kahuti_block_4_1084,NM202101_(191032C1/161483),,,,,1
NM2018_ITC1468-kahuti_block_4_1085,NM202003_(190465C1/161571),NM202006_(190465C2/161413),,,,2
NM2018_ITC1468-kahuti_block_4_1086,NM202012_(190670C1/161554),,,,,1
NM2018_ITC1468-kahuti_block_4_1092,NM202001_(190906C1/161534),,,,,1
NM2018_ITC1468-kahuti_block_4_1100,NM202105_(191104C1/161405),,,,,1
NM2018_ITC1468-kahuti_block_4_1105,NM202002_(191134C1/161536),,,,,1
NM2018_ITC1468-kahuti_block_4_1106,NM202003_(191128C1/161419),,,,,1
NM2018_ITC1468-kahuti_block_4_1107,NM202008_(190460C1/161414),,,,,1
NM2018_ITC1468-kahuti_block_4_1112,NM202006_(191133C1/161586),,,,,1
NM2018_ITC1468-kahuti_block_4_1114,NM202012_(190539C1/161537),,,,,1
NM2018_ITC1468-kahuti_block_4_1117,NM202007_(190627C1/161433),,,,,1
NM2018_ITC1468-kahuti_block_4_1118,NM202104_(191098C1/161484),,,,,1
NM2018_ITC1468-kahuti_block_4_1122,NM202011_(190515C1/161554),,,,,1
NM2018_ITC1468-kahuti_block_4_1125,NM202009_(190940C1/161578),,,,,1
NM2018_ITC1468-kahuti_block_4_1126,NM202006_(190659C1/161412),NM202007_(190957C2/161413),,,,2
NM2018_ITC1468-kahuti_block_4_1128,NM201910_(190523C1/161480),NM202101_(191067C/161480),,,,2
NM2018_ITC1468-kahuti_block_4_1129,NM202102_(190497C1/161447),NM202102_(190497C2/161578),,,,2
NM2018_ITC1468-kahuti_block_4_1130,NM202103_(191075C1/161578),,,,,1
NM2018_ITC1468-kahuti_block_4_1137,NM202011_(190674C1/161421),,,,,1
NM2018_ITC1468-kahuti_block_4_1141,NM202010_(190625C1/161554),,,,,1
NM2018_ITC1468-kahuti_block_4_1149,NM202010_(190574C1/161554),,,,,1
NM2018_ITC1468-kahuti_block_4_1154,NM202010_(190647C1/161571),,,,,1
NM2018_ITC1468-kahuti_block_4_1156,NM202102_(190987C1/161595),,,,,1
NM2018_ITC1468-kahuti_block_4_1180,NM202101_(190644C1/161591),,,,,1
NM2018_ITC1468-kahuti_block_4_1197,NM202003_(191072C1/161419),NM202105_(191072C2/161499),,,,2
NM2018_ITC1468-kahuti_block_4_1202,NM202012_(191053C1/161516),,,,,1
NM2018_ITC1468-kahuti_block_4_1214,NM201910_(190480C1/161472),,,,,1
NM2018_ITC1468-kahuti_block_4_1217,NM202011_(190638C1/161560),,,,,1
NM2018_ITC1468-kahuti_block_4_1219,NM201912_(190528C1/161413),NM202012_(191080C/161554),,,,2
NM2018_ITC1468-kahuti_block_4_1229,NM201912_(190983C1/161554),,,,,1
NM2018_ITC1468-kahuti_block_4_1236,NM202010_(190488C1/161554),,,,,1
NM2018_ITC1468-kahuti_block_4_1240,NM202008_(190500C1/161487),NM202009_(190500C2/161467),,,,2
