PlantletID,Openfield_Transfer_Date,Number,Location
SE201904_(162430C1/132419)_7,2020-06-17,2.0,Sendusu
SE201904_(162430C1/132419)_3,2020-06-17,2.0,Sendusu
SE201903_(162357C1/132383)_26,2020-06-17,2.0,Sendusu
SE201902_(162449C1/132494)_7,2020-06-17,2.0,Sendusu
SE201904_(162459C1/132361)_24,2020-06-17,2.0,Sendusu
SE201903_(163325C1/132608)_2,2020-06-17,1.0,Sendusu
SE201901_(162921C1/132316)_1,2020-06-17,2.0,Sendusu
SE201903_(163409C1/132623)_1,2020-06-17,2.0,Sendusu
SE201903_(162824C1/132316)_1,2020-06-17,2.0,Sendusu
SE201902_(162421C1/132608)_24,2020-06-17,2.0,Sendusu
SE201902_(162710C1/132383)_1,2020-06-17,2.0,Sendusu
SE201902_(162450C1/132447)_22,2020-06-17,1.0,Sendusu
SE201902_(162450C1/132447)_10,2020-06-17,2.0,Sendusu
SE201902_(162421C1/132608)_27,2020-06-17,2.0,Sendusu
SE201902_(162421C1/132608)_3,2020-06-17,1.0,Sendusu
SE201904_(162459C1/132361)_8,2020-06-17,1.0,Sendusu
SE201905_(162431C1/132332)_113,2020-06-17,1.0,Sendusu
SE201904_(162377C1/132361)_20,2020-06-17,2.0,Sendusu
SE201905_(162431C1/132332)_64,2020-06-17,2.0,Sendusu
SE201905_(162431C1/132332)_120,2020-06-17,1.0,Sendusu
SE201904_(162377C1/132361)_21,2020-06-17,2.0,Sendusu
SE201902_(162730C1/132470)_1,2020-06-17,2.0,Sendusu
SE201905_(162431C1/132332)_154,2020-06-17,2.0,Sendusu
SE201902_(162450C1/132447)_9,2020-06-17,2.0,Sendusu
SE201905_(162431C1/132332)_47,2020-06-17,2.0,Sendusu
SE201904_(162459C1/132361)_56,2020-06-17,2.0,Sendusu
SE201905_(162431C1/132332)_38,2020-06-17,1.0,Sendusu
SE201905_(162431C1/132332)_87,2020-06-17,2.0,Sendusu
SE201905_(162431C1/132332)_52,2020-06-17,2.0,Sendusu
SE201905_(162431C1/132332)_146,2020-06-17,2.0,Sendusu
SE201904_(162377C1/132361)_15,2020-06-17,2.0,Sendusu
SE201903_(162357C1/132383)_32,2020-06-17,1.0,Sendusu
SE201904_(162459C1/132361)_27,2020-06-17,2.0,Sendusu
SE201905_(162431C1/132332)_11,2020-06-17,2.0,Sendusu
SE201903_(162373C1/132466)_1,2020-06-17,2.0,Sendusu
SE201905_(162431C1/132332)_115,2020-06-17,2.0,Sendusu
SE201903_(163363C1/132604)_2,2020-06-17,2.0,Sendusu
SE201904_(162459C1/132361)_70,2020-06-17,2.0,Sendusu
SE201905_(162431C1/132332)_48,2020-06-17,2.0,Sendusu
SE201903_(162357C1/132383)_41,2020-06-17,1.0,Sendusu
SE201905_(162431C1/132332)_116,2020-06-17,2.0,Sendusu
SE201904_(162459C1/132361)_4,2020-06-17,2.0,Sendusu
SE201904_(162459C1/132361)_8,2020-06-17,2.0,Sendusu
SE201904_(162459C1/132361)_16,2020-06-17,2.0,Sendusu
SE201905_(162431C1/132332)_98,2020-06-17,2.0,Sendusu
SE201905_(162431C1/132332)_92,2020-06-17,1.0,Sendusu
SE201810_(162374C1/132566)_1,2020-06-17,2.0,Sendusu
SE201905_(162431C1/132332)_73,2020-06-17,1.0,Sendusu
SE201904_(162459C1/132361)_41,2020-06-17,2.0,Sendusu
SE201905_(162431C1/132332)_91,2020-06-17,2.0,Sendusu
SE201905_(162431C1/132332)_84,2020-06-17,1.0,Sendusu
SE201906_(162496C1/132361)_5,2020-06-17,2.0,Sendusu
SE201905_(162431C1/132332)_118,2020-06-17,2.0,Sendusu
SE201905_(162488C1/132412)_1,2020-06-17,2.0,Sendusu
SE201905_(162431C1/132332)_114,2020-06-17,1.0,Sendusu
SE201904_(162459C1/132361)_32,2020-06-17,2.0,Sendusu
SE201905_(162431C1/132332)_136,2020-06-17,2.0,Sendusu
SE201903_(162849C1/132373)_1,2020-06-17,1.0,Sendusu
SE201905_(162431C1/132332)_142,2020-06-17,2.0,Sendusu
SE201905_(162431C1/132332)_140,2020-06-17,2.0,Sendusu
SE201904_(162377C1/132361)_27,2020-06-17,2.0,Sendusu
SE201903_(162357C1/132383)_35,2020-06-17,2.0,Sendusu
SE201812_(162435C1/132708)_1,2020-06-17,2.0,Sendusu
SE201905_(162431C1/132332)_171,2020-06-17,2.0,Sendusu
SE201904_(162459C1/132361)_20,2020-06-17,2.0,Sendusu
SE201904_(162377C1/132361)_28,2020-06-17,2.0,Sendusu
SE201905_(162431C1/132332)_22,2020-06-17,2.0,Sendusu
SE201905_(162431C1/132332)_159,2020-06-17,2.0,Sendusu
SE201902_(162450C1/132447)_15,2020-06-17,2.0,Sendusu
SE201903_(162373C1/132466)_3,2020-06-17,2.0,Sendusu
SE201904_(162459C1/132361)_40,2020-06-17,2.0,Sendusu
SE201902_(163152C1/132512)_1,2020-06-17,2.0,Sendusu
SE201904_(162459C1/132361)_81,2020-06-17,2.0,Sendusu
SE201903_(162357C1/132383)_2,2020-06-17,2.0,Sendusu
SE201903_(162357C1/132383)_58,2020-06-17,1.0,Sendusu
SE201905_(162431C1/132332)_39,2020-06-17,1.0,Sendusu
SE201903_(162357C1/132383)_61,2020-06-17,2.0,Sendusu
SE201905_(162431C1/132332)_106,2020-06-17,2.0,Sendusu
SE201904_(162459C1/132361)_35,2020-06-17,2.0,Sendusu
SE201904_(162377C1/132361)_17,2020-06-17,2.0,Sendusu
SE201904_(162459C1/132361)_26,2020-06-17,2.0,Sendusu
SE201904_(162459C1/132361)_22,2020-06-17,1.0,Sendusu
SE201904_(162459C1/132361)_57,2020-06-17,2.0,Sendusu
SE201904_(162459C1/132361)_68,2020-06-17,2.0,Sendusu
SE201903_(163363C1/132604)_1,2020-06-17,2.0,Sendusu
SE201903_(162357C1/132383)_22,2020-06-17,2.0,Sendusu
SE201903_(162405C1/132571)_1,2020-06-17,2.0,Sendusu
SE201905_(162431C1/132332)_6,2020-09-03,1.0,Sendusu
SE201903_(162357C1/132383)_43,2020-09-03,1.0,Sendusu
SE201905_(162431C1/132332)_103,2020-09-03,1.0,Sendusu
SE201904_(162430C1/132419)_12,2020-09-03,2.0,Sendusu
SE201904_(162485C1/132614)_4,2020-09-03,1.0,Sendusu
SE201905_(162431C1/132332)_109,2020-09-03,1.0,Sendusu
SE201902_(162449C1/132494)_6,2020-09-03,1.0,Sendusu
SE201904_(162459C1/132361)_43,2020-09-03,1.0,Sendusu
SE201905_(162431C1/132332)_27,2020-09-03,1.0,Sendusu
SE201904_(162485C1/132614)_16,2020-09-03,1.0,Sendusu
SE201903_(162405C1/132571)_1,2020-09-03,2.0,Sendusu
SE201905_(162431C1/132332)_8,2020-09-03,1.0,Sendusu
SE201903_(162357C1/132383)_27,2020-09-03,1.0,Sendusu
SE201905_(162431C1/132332)_30,2020-09-03,1.0,Sendusu
SE201903_(162357C1/132383)_39,2020-09-03,1.0,Sendusu
SE201905_(162431C1/132332)_16,2020-09-03,1.0,Sendusu
SE201905_(162431C1/132332)_112,2020-09-03,1.0,Sendusu
SE201904_(162459C1/132361)_2,2020-09-03,1.0,Sendusu
SE201905_(162431C1/132332)_150,2020-09-03,1.0,Sendusu
SE201905_(162431C1/132332)_153,2020-09-03,1.0,Sendusu
SE201905_(162431C1/132332)_32,2020-09-03,1.0,Sendusu
SE201905_(162431C1/132332)_129,2020-09-03,1.0,Sendusu
SE201906_(162388C1/132533)_1,2020-09-03,1.0,Sendusu
SE201905_(162431C1/132332)_124,2020-09-03,1.0,Sendusu
SE201905_(162431C1/132332)_67,2020-09-03,1.0,Sendusu
SE201902_(162450C1/132447)_12,2020-09-03,1.0,Sendusu
SE201905_(162431C1/132332)_102,2020-09-03,1.0,Sendusu
SE201905_(162431C1/132332)_119,2020-09-03,1.0,Sendusu
SE201903_(162357C1/132383)_67,2020-09-03,1.0,Sendusu
SE201905_(162431C1/132332)_155,2020-09-03,1.0,Sendusu
SE201905_(162431C1/132332)_43,2020-09-03,1.0,Sendusu
SE201904_(162459C1/132361)_67,2020-09-03,1.0,Sendusu
SE201905_(162431C1/132332)_149,2020-09-03,1.0,Sendusu
SE201905_(162431C1/132332)_33,2020-09-03,1.0,Sendusu
SE201905_(162431C1/132332)_29,2020-09-03,1.0,Sendusu
SE201904_(162430C1/132419)_6,2020-09-03,1.0,Sendusu
SE201902_(162450C1/132447)_5,2020-09-03,1.0,Sendusu
SE201904_(162459C1/132361)_30,2020-09-03,1.0,Sendusu
SE201903_(162357C1/132383)_48,2020-09-03,1.0,Sendusu
SE201903_(162357C1/132383)_21,2020-09-03,1.0,Sendusu
SE201903_(162357C1/132383)_55,2020-09-03,1.0,Sendusu
SE201905_(162431C1/132332)_79,2020-09-03,1.0,Sendusu
SE201905_(162431C1/132332)_24,2020-09-03,1.0,Sendusu
SE201905_(162431C1/132332)_94,2020-09-03,1.0,Sendusu
SE201904_(162459C1/132361)_21,2020-09-03,1.0,Sendusu
SE201903_(162357C1/132383)_33,2020-09-03,1.0,Sendusu
SE201903_(162357C1/132383)_12,2020-09-03,2.0,Sendusu
SE201905_(162431C1/132332)_134,2020-09-03,1.0,Sendusu
SE201903_(162357C1/132383)_29,2020-09-03,1.0,Sendusu
SE201905_(162431C1/132332)_57,2020-09-03,1.0,Sendusu
SE201904_(162459C1/132361)_74,2020-09-03,1.0,Sendusu
SE201904_(162377C1/132361)_24,2020-09-03,1.0,Sendusu
SE201904_(162459C1/132361)_73,2020-09-03,1.0,Sendusu
SE201904_(162459C1/132361)_3,2020-09-03,1.0,Sendusu
SE201905_(162431C1/132332)_13,2020-09-03,1.0,Sendusu
SE201904_(162459C1/132361)_12,2020-09-03,2.0,Sendusu
SE201903_(163363C1/132604)_4,2020-09-03,2.0,Sendusu
SE201903_(162357C1/132383)_19,2020-09-03,2.0,Sendusu
SE201905_(162431C1/132332)_99,2020-09-03,1.0,Sendusu
SE201904_(162430C1/132419)_9,2020-09-03,1.0,Sendusu
SE201903_(162357C1/132383)_59,2020-09-03,1.0,Sendusu
SE201905_(162431C1/132332)_156,2020-09-03,1.0,Sendusu
SE201905_(162431C1/132332)_104,2020-09-03,2.0,Sendusu
SE201905_(162431C1/132332)_28,2020-09-03,1.0,Sendusu
SE201905_(162431C1/132332)_61,2020-09-03,1.0,Sendusu
SE201904_(162459C1/132361)_65,2020-09-03,1.0,Sendusu
SE201905_(162431C1/132332)_128,2020-09-03,2.0,Sendusu
SE201904_(162485C1/132614)_5,2020-09-03,2.0,Sendusu
SE201905_(162431C1/132332)_20,2020-09-03,2.0,Sendusu
SE201905_(162431C1/132332)_165,2020-09-03,2.0,Sendusu
SE201907_(162416C2/132332)_12,2020-09-03,2.0,Sendusu
SE201904_(162459C1/132361)_75,2020-09-03,1.0,Sendusu
SE201904_(162459C1/132361)_36,2020-09-03,1.0,Sendusu
SE201904_(162459C1/132361)_23,2020-09-03,1.0,Sendusu
SE201905_(162431C1/132332)_17,2020-09-03,1.0,Sendusu
SE201904_(162459C1/132361)_72,2020-09-03,1.0,Sendusu
SE201904_(162459C1/132361)_42,2020-09-03,2.0,Sendusu
SE201905_(162431C1/132332)_93,2020-09-03,1.0,Sendusu
SE201904_(162459C1/132361)_82,2020-09-03,2.0,Sendusu
SE201902_(162449C1/132494)_5,2020-09-03,1.0,Sendusu
SE201904_(162485C1/132614)_7,2020-09-03,1.0,Sendusu
SE201904_(162459C1/132361)_38,2020-09-03,2.0,Sendusu
SE201907_(162416C2/132332)_3,2020-09-04,1.0,Sendusu
SE201904_(162459C1/132361)_65,2020-09-04,1.0,Sendusu
SE201905_(162431C1/132332)_77,2020-09-04,1.0,Sendusu
SE201903_(162357C1/132383)_7,2020-09-04,1.0,Sendusu
SE201905_(162431C1/132332)_108,2020-09-04,1.0,Sendusu
SE201904_(162377C1/132361)_1,2020-09-04,1.0,Sendusu
SE201905_(162431C1/132332)_42,2020-09-04,2.0,Sendusu
SE201904_(162459C1/132361)_13,2020-09-04,2.0,Sendusu
SE201905_(162431C1/132332)_143,2020-09-04,1.0,Sendusu
SE201905_(162431C1/132332)_45,2020-09-04,1.0,Sendusu
SE201904_(162377C1/132361)_12,2020-09-04,1.0,Sendusu
SE201904_(162377C1/132361)_13,2020-09-04,2.0,Sendusu
SE201904_(163161C2/132412)_1,2020-09-04,1.0,Sendusu
SE201902_(162449C1/132494)_8,2020-09-04,1.0,Sendusu
SE201904_(162459C1/132361)_55,2020-09-04,1.0,Sendusu
SE201904_(162459C1/132361)_26,2020-09-04,2.0,Sendusu
SE201903_(162357C1/132383)_15,2020-09-04,1.0,Sendusu
SE201904_(162459C1/132361)_71,2020-09-04,2.0,Sendusu
SE201905_(162431C1/132332)_4,2020-09-04,1.0,Sendusu
SE201903_(162357C1/132383)_10,2020-09-04,1.0,Sendusu
SE201905_(162431C1/132332)_9,2020-09-04,1.0,Sendusu
SE201905_(162431C1/132332)_85,2020-09-04,1.0,Sendusu
SE201905_(162431C1/132332)_5,2020-09-04,1.0,Sendusu
SE201904_(162372C1/132696)_4,2020-09-04,1.0,Sendusu
SE201905_(162431C1/132332)_141,2020-09-04,1.0,Sendusu
SE201904_(162459C1/132361)_45,2020-09-04,1.0,Sendusu
SE201903_(162357C1/132383)_31,2020-09-04,2.0,Sendusu
SE201906_(162388C1/132533)_1,2020-09-04,2.0,Sendusu
SE201902_(162421C1/132608)_25,2020-09-04,1.0,Sendusu
SE201903_(162357C1/132383)_54,2020-09-04,2.0,Sendusu
SE201905_(162431C1/132332)_63,2020-09-04,1.0,Sendusu
SE201907_(162416C2/132332)_4,2020-09-04,1.0,Sendusu
SE201905_(162431C1/132332)_76,2020-09-04,2.0,Sendusu
SE201905_(162431C1/132332)_126,2020-09-04,1.0,Sendusu
SE201905_(162431C1/132332)_53,2020-09-04,2.0,Sendusu
SE201904_(162430C1/132419)_1,2020-09-04,2.0,Sendusu
SE201905_(162431C1/132332)_37,2020-09-04,2.0,Sendusu
SE201904_(162377C1/132361)_2,2020-09-04,2.0,Sendusu
SE201904_(162459C1/132361)_60,2020-09-04,1.0,Sendusu
SE201902_(162450C1/132447)_11,2020-09-04,2.0,Sendusu
SE201907_(162865C1/132329)_2,2020-09-04,1.0,Sendusu
SE201904_(162377C1/132361)_26,2020-09-04,1.0,Sendusu
SE201903_(162849C1/132373)_2,2020-09-04,2.0,Sendusu
SE201904_(162459C1/132361)_6,2020-09-04,1.0,Sendusu
SE201904_(162459C1/132361)_16,2020-09-04,2.0,Sendusu
SE201903_(162357C1/132383)_60,2020-09-04,1.0,Sendusu
SE201905_(162431C1/132332)_145,2020-09-04,1.0,Sendusu
SE201904_(162372C1/132696)_3,2020-09-04,1.0,Sendusu
SE201907_(162865C1/132329)_6,2020-09-04,1.0,Sendusu
SE201907_(163270C2/132692)_2,2020-09-04,1.0,Sendusu
SE201907_(163045C1/132358)_1,2020-09-04,2.0,Sendusu
SE201907_(162865C1/132329)_7,2020-09-04,2.0,Sendusu
SE201904_(162485C1/132614)_3,2020-09-04,1.0,Sendusu
SE201905_(162431C1/132332)_162,2020-09-04,2.0,Sendusu
SE201907_(163055C1/132419)_1,2020-09-04,1.0,Sendusu
SE201904_(162459C1/132361)_1,2020-09-04,1.0,Sendusu
SE201904_(162377C1/132361)_8,2020-09-04,1.0,Sendusu
SE201905_(162431C1/132332)_2,2020-09-04,2.0,Sendusu
SE201812_(162435C1/132708)_3,2020-09-04,1.0,Sendusu
SE201903_(162357C1/132383)_62,2020-09-04,1.0,Sendusu
SE201903_(162357C1/132383)_30,2020-09-04,1.0,Sendusu
SE201904_(162459C1/132361)_29,2020-09-04,1.0,Sendusu
SE201904_(162459C1/132361)_9,2020-09-04,1.0,Sendusu
SE201903_(162357C1/132383)_39,2020-09-04,1.0,Sendusu
SE201904_(162459C1/132361)_7,2020-09-04,1.0,Sendusu
SE201904_(162459C1/132361)_37,2020-09-04,1.0,Sendusu
SE201904_(162430C1/132419)_15,2020-09-04,1.0,Sendusu
SE201904_(162459C1/132361)_31,2020-09-04,1.0,Sendusu
SE201904_(162377C1/132361)_14,2020-09-04,1.0,Sendusu
SE201904_(162459C1/132361)_33,2020-09-04,1.0,Sendusu
SE201905_(162431C1/132332)_88,2020-09-04,1.0,Sendusu
SE201905_(162431C1/132332)_81,2020-09-04,1.0,Sendusu
SE201904_(162459C1/132361)_10,2020-09-04,1.0,Sendusu
SE201905_(162431C1/132332)_83,2020-09-04,1.0,Sendusu
SE201905_(162431C1/132332)_123,2020-09-04,1.0,Sendusu
SE201904_(162459C1/132361)_48,2020-09-04,1.0,Sendusu
SE201903_(162357C1/132383)_44,2020-09-04,1.0,Sendusu
SE201905_(162431C1/132332)_1,2020-09-04,1.0,Sendusu
SE201903_(162357C1/132383)_13,2020-09-04,1.0,Sendusu
SE201904_(162485C1/132614)_11,2020-09-04,2.0,Sendusu
SE201905_(162431C1/132332)_65,2020-09-04,1.0,Sendusu
SE201904_(162430C1/132419)_11,2020-09-04,1.0,Sendusu
SE201903_(162357C1/132383)_38,2020-09-04,1.0,Sendusu
SE201903_(163382C1/132701)_2,2020-09-04,1.0,Sendusu
SE201902_(162421C1/132608)_1,2020-09-04,1.0,Sendusu
SE201905_(162431C1/132332)_105,2020-09-04,1.0,Sendusu
SE201904_(162459C1/132361)_49,2020-09-04,1.0,Sendusu
SE201906_(162496C1/132361)_5,2020-09-04,1.0,Sendusu
SE201905_(162431C1/132332)_66,2020-09-04,1.0,Sendusu
SE201906_(162496C1/132361)_4,2020-09-04,1.0,Sendusu
SE201905_(162431C1/132332)_59,2020-09-04,1.0,Sendusu
SE201905_(162431C1/132332)_95,2020-09-04,1.0,Sendusu
SE201904_(162459C1/132361)_50,2020-09-04,1.0,Sendusu
SE201905_(162431C1/132332)_3,2020-09-04,1.0,Sendusu
SE201905_(162431C1/132332)_50,2020-09-04,1.0,Sendusu
SE201903_(162357C1/132383)_1,2020-09-04,1.0,Sendusu
SE201905_(162431C1/132332)_21,2020-09-04,1.0,Sendusu
SE201904_(162430C1/132419)_2,2020-09-04,1.0,Sendusu
SE201905_(162431C1/132332)_127,2020-09-04,1.0,Sendusu
SE201903_(162357C1/132383)_66,2020-09-04,1.0,Sendusu
SE201906_(162496C1/132361)_1,2020-09-04,1.0,Sendusu
SE201903_(162357C1/132383)_16,2020-09-04,1.0,Sendusu
SE201905_(162431C1/132332)_70,2020-09-04,1.0,Sendusu
SE201904_(162459C1/132361)_15,2020-09-04,1.0,Sendusu
SE201902_(162449C1/132494)_1,2020-09-04,1.0,Sendusu
SE201905_(162431C1/132332)_36,2020-09-04,1.0,Sendusu
SE201904_(162485C1/132614)_1,2020-09-04,1.0,Sendusu
SE201907_(162416C2/132332)_9,2020-09-04,1.0,Sendusu
SE201907_(162452C1/132533)_3,2020-09-04,1.0,Sendusu
SE201904_(162485C1/132614)_9,2020-09-04,1.0,Sendusu
SE201904_(162430C1/132419)_14,2020-09-04,1.0,Sendusu
SE201907_(162379C1/132466)_12,2020-09-04,1.0,Sendusu
SE201907_(162416C2/132332)_2,2020-09-04,1.0,Sendusu
SE201904_(162459C1/132361)_14,2020-09-04,1.0,Sendusu
SE201906_(162496C1/132361)_3,2020-09-04,1.0,Sendusu
SE201904_(162459C1/132361)_51,2020-09-04,1.0,Sendusu
SE201902_(162421C1/132608)_7,2020-09-04,2.0,Sendusu
SE201904_(162459C1/132361)_66,2020-09-04,1.0,Sendusu
SE201903_(162357C1/132383)_42,2020-09-04,1.0,Sendusu
SE201905_(162431C1/132332)_78,2020-09-04,1.0,Sendusu
SE201903_(162357C1/132383)_18,2020-09-04,1.0,Sendusu
SE201905_(162431C1/132332)_35,2020-09-04,1.0,Sendusu
SE201905_(162431C1/132332)_97,2020-09-04,1.0,Sendusu
SE201903_(162357C1/132383)_14,2020-09-04,1.0,Sendusu
SE201903_(163382C1/132701)_1,2020-09-04,1.0,Sendusu
SE201905_(162431C1/132332)_60,2020-09-04,1.0,Sendusu
SE201905_(162431C1/132332)_46,2020-09-04,1.0,Sendusu
SE201905_(162431C1/132332)_7,2020-09-04,1.0,Sendusu
SE201903_(162357C1/132383)_40,2020-09-14,1.0,Sendusu
SE201905_(162431C1/132332)_160,2020-09-14,1.0,Sendusu
SE201905_(162431C1/132332)_111,2020-09-14,1.0,Sendusu
SE201905_(162431C1/132332)_62,2020-09-14,1.0,Sendusu
SE201904_(162459C1/132361)_19,2020-09-14,1.0,Sendusu
SE201905_(162488C1/132412)_3,2020-09-14,1.0,Sendusu
SE201906_(162388C1/132533)_4,2020-09-14,2.0,Sendusu
SE201902_(162421C1/132608)_6,2020-09-14,2.0,Sendusu
SE201905_(162431C1/132332)_161,2020-09-14,1.0,Sendusu
SE201905_(162431C1/132332)_72,2020-10-02,1.0,Sendusu
SE201905_(162431C1/132332)_6,2020-10-02,1.0,Sendusu
SE201902_(162421C1/132608)_6,2020-10-02,2.0,Sendusu
SE201902_(162421C1/132608)_6,2020-10-07,2.0,Sendusu
SE201907_(162416C2/132332)_7,2020-10-15,1.0,Sendusu
SE201901_(162786C1/132635)_1,2020-09-21,2.0,Sendusu
SE201812_(162435C1/132708)_2,2020-09-21,2.0,Sendusu
SE201903_(162357C1/132383)_4,2020-09-21,2.0,Sendusu
SE201903_(162405C1/132571)_2,2020-09-21,2.0,Sendusu
SE201902_(162449C1/132494)_3,2020-09-21,1.0,Sendusu
SE201905_(162431C1/132332)_34,2020-11-12,1.0,Sendusu
SE201907_(162416C2/132332)_25,2020-11-12,2.0,Sendusu
SE201908_(162635C1/132647)_4,2020-11-12,2.0,Sendusu
SE201903_(162357C1/132383)_46,2020-11-12,1.0,Sendusu
SE201903_(162357C1/132383)_24,2020-11-12,1.0,Sendusu
SE201903_(162357C1/132383)_50,2020-11-12,2.0,Sendusu
SE201909_(162414C2/132406)_5,2020-11-12,3.0,Sendusu
SE201909_(162534C1/132493)_1,2020-11-12,1.0,Sendusu
SE201905_(162431C1/132332)_148,2020-11-12,2.0,Sendusu
SE201905_(162431C1/132332)_121,2020-11-12,2.0,Sendusu
SE201907_(162379C1/132466)_10,2020-11-12,2.0,Sendusu
SE201903_(162405C1/132571)_3,2020-11-12,2.0,Sendusu
SE201907_(162865C1/132329)_1,2020-11-12,2.0,Sendusu
SE201902_(162421C1/132608)_9,2020-11-12,2.0,Sendusu
SE201905_(162431C1/132332)_23,2020-11-12,2.0,Sendusu
SE201904_(162377C1/132361)_16,2020-11-12,2.0,Sendusu
SE201904_(162377C1/132361)_18,2020-11-12,2.0,Sendusu
SE201811_(162926C1/132684)_1,2020-11-12,2.0,Sendusu
SE201909_(162414C2/132406)_4,2020-11-12,2.0,Sendusu
SE201906_(162388C1/132533)_2,2020-11-12,2.0,Sendusu
SE201904_(162377C1/132361)_5,2020-11-12,2.0,Sendusu
SE201907_(162379C1/132466)_9,2020-11-12,1.0,Sendusu
SE201904_(162430C1/132419)_8,2020-11-12,2.0,Sendusu
SE201904_(162377C1/132361)_9,2020-11-12,1.0,Sendusu
SE201904_(162459C1/132361)_44,2020-11-12,1.0,Sendusu
SE201908_(162358C1/132647)_3,2020-11-12,1.0,Sendusu
SE201909_(162426C1/132660)_9,2020-11-12,1.0,Sendusu
SE201901_(162589C1/132635)_3,2020-11-12,2.0,Sendusu
SE201901_(162589C1/132635)_3,2020-11-12,1.0,Sendusu
SE201905_(162431C1/132332)_49,2020-11-12,2.0,Sendusu
SE201910_(162371C2/132696)_18,2020-11-12,2.0,Sendusu
SE201906_(162693C2/132568)_2,2020-11-12,2.0,Sendusu
SE201910_(162371C2/132696)_2,2020-11-12,2.0,Sendusu
SE201910_(162371C2/132696)_2,2020-11-12,1.0,Sendusu
SE201911_(162449C2/132674)_1,2020-11-12,2.0,Sendusu
SE201908_(162485C2/132696)_14,2020-11-12,2.0,Sendusu
SE201910_(162373C2/132684)_59,2020-11-12,2.0,Sendusu
SE201908_(162485C2/132696)_9,2020-11-12,2.0,Sendusu
SE201907_(162416C2/132332)_11,2020-11-12,1.0,Sendusu
SE201907_(162379C1/132466)_8,2020-11-12,1.0,Sendusu
SE201905_(162431C1/132332)_158,2020-11-12,2.0,Sendusu
SE201907_(162379C1/132466)_4,2020-11-12,1.0,Sendusu
SE201904_(162485C1/132614)_12,2020-11-12,2.0,Sendusu
SE201902_(162450C1/132447)_17,2020-11-12,2.0,Sendusu
SE201910_(162373C2/132684)_80,2020-11-12,2.0,Sendusu
SE201905_(163051C1/132684)_1,2020-11-12,2.0,Sendusu
SE201908_(162485C2/132696)_15,2020-11-12,2.0,Sendusu
SE201905_(162431C1/132332)_90,2020-11-12,2.0,Sendusu
SE201905_(162431C1/132332)_41,2020-11-12,2.0,Sendusu
SE201903_(163325C1/132608)_1,2020-11-12,2.0,Sendusu
SE201905_(162431C1/132332)_117,2020-11-12,2.0,Sendusu
SE201903_(162357C1/132383)_3,2020-11-12,2.0,Sendusu
SE201908_(162374C2/132674)_5,2020-11-12,2.0,Sendusu
SE201902_(162421C1/132608)_1,2020-11-12,1.0,Sendusu
SE201904_(162459C1/132361)_25,2020-11-12,2.0,Sendusu
SE201905_(162431C1/132332)_100,2020-11-12,2.0,Sendusu
SE201903_(162849C1/132373)_2,2020-11-12,2.0,Sendusu
SE201908_(162358C1/132647)_8,2020-11-12,2.0,Sendusu
SE201905_(162431C1/132332)_12,2020-11-12,2.0,Sendusu
SE201910_(162441C1/132696)_13,2020-11-12,2.0,Sendusu
SE201910_(162373C2/132684)_46,2020-11-12,2.0,Sendusu
SE201910_(162405C2/132696)_6,2020-11-12,2.0,Sendusu
SE201910_(162373C2/132684)_20,2020-11-12,2.0,Sendusu
SE201910_(162373C2/132684)_76,2020-11-12,2.0,Sendusu
SE201909_(162426C1/132660)_3,2020-11-12,2.0,Sendusu
SE201903_(162357C1/132383)_52,2020-11-16,1.0,Sendusu
SE201903_(162357C1/132383)_63,2020-11-16,2.0,Sendusu
SE201907_(162416C2/132332)_6,2020-12-01,2.0,Sendusu
SE201904_(162430C1/132419)_13,2020-12-01,2.0,Sendusu
SE201910_(163244C2/132696)_3,2020-12-01,1.0,Sendusu
SE201909_(162426C1/132660)_2,2020-12-01,2.0,Sendusu
SE201905_(162431C1/132332)_74,2020-12-01,2.0,Sendusu
SE201904_(162459C1/132361)_52,2020-12-01,1.0,Sendusu
SE201910_(162371C2/132696)_22,2020-12-01,2.0,Sendusu
SE201910_(162441C1/132696)_2,2020-12-01,2.0,Sendusu
SE201910_(162373C2/132684)_88,2020-12-01,2.0,Sendusu
SE201908_(162485C2/132696)_10,2020-12-01,2.0,Sendusu
SE201910_(162371C2/132696)_4,2020-12-01,2.0,Sendusu
SE201909_(162426C1/132660)_10,2020-12-01,2.0,Sendusu
SE201908_(162358C1/132647)_19,2020-12-01,2.0,Sendusu
SE201910_(162373C2/132684)_87,2020-12-01,2.0,Sendusu
SE201905_(162431C1/132332)_167,2020-12-01,2.0,Sendusu
SE201908_(162415C1/132466)_2,2020-12-01,2.0,Sendusu
SE201910_(162373C2/132684)_1,2020-12-01,2.0,Sendusu
SE201910_(162368C2/132696)_1,2020-12-01,2.0,Sendusu
SE201910_(162373C2/132684)_35,2020-12-01,2.0,Sendusu
SE201908_(162485C2/132696)_8,2020-12-01,2.0,Sendusu
SE201909_(162426C1/132660)_5,2020-12-01,2.0,Sendusu
SE201904_(162377C1/132361)_19,2020-12-01,2.0,Sendusu
SE201910_(162373C2/132684)_7,2020-12-01,2.0,Sendusu
SE201910_(162441C1/132696)_11,2020-12-01,2.0,Sendusu
SE201908_(162485C2/132696)_2,2020-12-01,2.0,Sendusu
SE201910_(162373C2/132684)_30,2020-12-01,2.0,Sendusu
SE201908_(162358C1/132647)_5,2020-12-01,2.0,Sendusu
SE201910_(162371C2/132696)_9,2020-12-01,2.0,Sendusu
SE201910_(162373C2/132684)_86,2020-12-01,2.0,Sendusu
SE201910_(162373C2/132684)_19,2020-12-01,2.0,Sendusu
SE201910_(162405C2/132696)_2,2020-12-01,2.0,Sendusu
SE201910_(162373C2/132684)_108,2020-12-01,2.0,Sendusu
SE201910_(162373C2/132684)_67,2020-12-01,2.0,Sendusu
SE201910_(162373C2/132684)_48,2020-12-01,2.0,Sendusu
SE201903_(162357C1/132383)_57,2020-12-01,2.0,Sendusu
SE201907_(162416C2/132332)_5,2020-12-01,2.0,Sendusu
SE201908_(162358C1/132647)_9,2020-12-01,2.0,Sendusu
SE201910_(162373C2/132684)_69,2020-12-01,2.0,Sendusu
SE201908_(162485C2/132696)_3,2020-12-01,2.0,Sendusu
SE201908_(162485C2/132696)_11,2020-12-01,2.0,Sendusu
SE201910_(162373C2/132684)_95,2020-12-01,2.0,Sendusu
SE201904_(162459C1/132361)_18,2020-12-01,1.0,Sendusu
SE201908_(162415C1/132466)_1,2020-12-01,2.0,Sendusu
SE201908_(162485C2/132696)_5,2020-12-01,2.0,Sendusu
SE201910_(162373C2/132684)_40,2020-12-01,2.0,Sendusu
SE201908_(162358C1/132647)_16,2020-12-01,2.0,Sendusu
SE201910_(162373C2/132684)_27,2020-12-01,2.0,Sendusu
SE201910_(162373C2/132684)_42,2020-12-01,2.0,Sendusu
SE201902_(162450C1/132447)_3,2020-12-01,2.0,Sendusu
SE201910_(162405C2/132696)_1,2020-12-01,2.0,Sendusu
SE201902_(162450C1/132447)_19,2020-12-01,2.0,Sendusu
SE201910_(162373C2/132684)_102,2020-12-01,2.0,Sendusu
SE201904_(162377C1/132361)_11,2020-12-01,2.0,Sendusu
SE201910_(162373C2/132684)_89,2020-12-01,2.0,Sendusu
SE201910_(162373C2/132684)_78,2020-12-01,2.0,Sendusu
SE201905_(162431C1/132332)_68,2020-12-01,2.0,Sendusu
SE201908_(162485C2/132696)_17,2020-12-01,2.0,Sendusu
SE201910_(162448C1/132512)_1,2020-12-01,2.0,Sendusu
SE201904_(162485C1/132614)_13,2020-12-01,2.0,Sendusu
SE201908_(162485C2/132696)_21,2020-12-01,2.0,Sendusu
SE201907_(162416C2/132332)_1,2020-12-01,2.0,Sendusu
SE201907_(162452C1/132533)_1,2020-12-01,2.0,Sendusu
SE201904_(162377C1/132361)_8,2020-12-01,2.0,Sendusu
SE201910_(162405C2/132696)_5,2020-12-01,2.0,Sendusu
SE201902_(162449C1/132494)_4,2020-12-01,2.0,Sendusu
SE201905_(162431C1/132332)_51,2020-12-01,2.0,Sendusu
SE201910_(162373C2/132684)_3,2020-11-23,2.0,Sendusu
SE201912_(162849C2/132651)_4,2021-04-08,1.0,Sendusu
SE201909_(162414C2/132406)_10,2021-04-08,2.0,Sendusu
SE201910_(162624C1/132311)_1,2021-04-08,2.0,Sendusu
SE201910_(162448C1/132512)_10,2021-04-08,2.0,Sendusu
SE201906_(162693C2/132568)_1,2021-04-08,2.0,Sendusu
SE201906_(162496C1/132361)_2,2021-04-08,1.0,Sendusu
SE201909_(162414C2/132406)_6,2021-04-08,2.0,Sendusu
SE201908_(162485C2/132696)_1,2021-04-08,2.0,Sendusu
SE201905_(162431C1/132332)_58,2021-04-08,2.0,Sendusu
SE201903_(162357C1/132383)_8,2021-04-08,1.0,Sendusu
SE201910_(162370C1/132348)_6,2021-04-08,1.0,Sendusu
SE201905_(162431C1/132332)_69,2021-04-08,2.0,Sendusu
SE201904_(162485C1/132614)_15,2021-04-08,2.0,Sendusu
SE201910_(162373C2/132684)_54,2021-04-08,2.0,Sendusu
SE201909_(162426C1/132660)_4,2021-04-08,2.0,Sendusu
SE201910_(162373C2/132684)_45,2021-04-08,2.0,Sendusu
SE201910_(162373C2/132684)_15,2021-04-08,2.0,Sendusu
SE201905_(162431C1/132332)_157,2021-04-08,1.0,Sendusu
SE201909_(162414C2/132406)_7,2021-04-08,1.0,Sendusu
SE201911_(162449C2/132674)_2,2021-04-08,1.0,Sendusu
SE201908_(162485C2/132696)_13,2021-04-08,1.0,Sendusu
SE201910_(162371C2/132696)_1,2021-04-08,1.0,Sendusu
SE201910_(162373C2/132684)_74,2021-04-08,1.0,Sendusu
SE201909_(162414C2/132406)_3,2021-04-08,1.0,Sendusu
SE201908_(162485C2/132696)_2,2021-04-08,1.0,Sendusu
SE201908_(162358C1/132647)_4,2021-04-08,2.0,Sendusu
SE201910_(162373C2/132684)_65,2021-04-08,3.0,Sendusu
SE201908_(162358C1/132647)_7,2021-04-08,1.0,Sendusu
SE201912_(162377C2/132566)_28,2021-04-08,2.0,Sendusu
SE201910_(162373C2/132684)_43,2021-04-08,2.0,Sendusu
SE201910_(162405C2/132696)_4,2021-04-08,2.0,Sendusu
SE201908_(162374C2/132674)_4,2021-04-08,2.0,Sendusu
SE201910_(162373C2/132684)_49,2021-04-08,2.0,Sendusu
SE201910_(162373C2/132684)_72,2021-04-08,2.0,Sendusu
SE201911_(162350C1/132348)_10,2021-04-08,3.0,Sendusu
SE201903_(162357C1/132383)_6,2021-04-08,1.0,Sendusu
SE201910_(162370C1/132348)_19,2021-04-08,2.0,Sendusu
SE201910_(162371C2/132696)_11,2021-04-08,1.0,Sendusu
SE201911_(162423C1/132696)_5,2021-04-08,1.0,Sendusu
SE201910_(162373C2/132684)_77,2021-04-08,1.0,Sendusu
SE201910_(162496C2/132696)_4,2021-04-08,1.0,Sendusu
SE201910_(162496C2/132696)_8,2021-04-08,1.0,Sendusu
SE201910_(162373C2/132684)_11,2021-04-08,2.0,Sendusu
SE201910_(162448C1/132512)_14,2021-04-08,1.0,Sendusu
SE201909_(162414C2/132406)_9,2021-04-08,1.0,Sendusu
SE201910_(162373C2/132684)_14,2021-04-08,1.0,Sendusu
SE201910_(162448C1/132512)_6,2021-04-08,1.0,Sendusu
SE201907_(162379C1/132466)_1,2021-04-08,1.0,Sendusu
SE201910_(162373C2/132684)_22,2021-04-08,1.0,Sendusu
SE201910_(162371C2/132696)_13,2021-04-08,1.0,Sendusu
SE201910_(162371C2/132696)_16,2021-04-08,1.0,Sendusu
SE202001_(162405C2/132466)_25,2021-04-08,2.0,Sendusu
SE201911_(162350C1/132348)_3,2021-04-08,1.0,Sendusu
SE201910_(162371C2/132696)_15,2021-04-08,1.0,Sendusu
SE201910_(162496C2/132696)_5,2021-04-08,1.0,Sendusu
SE201910_(162373C2/132684)_68,2021-04-08,1.0,Sendusu
SE201912_(162377C2/132566)_14,2021-04-08,2.0,Sendusu
SE201910_(162373C2/132684)_5,2021-04-08,2.0,Sendusu
SE201910_(162371C2/132696)_12,2021-04-08,1.0,Sendusu
SE201910_(162373C2/132684)_75,2021-04-08,2.0,Sendusu
SE201910_(162370C1/132348)_3,2021-04-08,1.0,Sendusu
SE201912_(162377C2/132566)_20,2021-04-08,1.0,Sendusu
SE201910_(162373C2/132684)_8,2021-04-08,2.0,Sendusu
SE201910_(163244C2/132696)_1,2021-04-08,1.0,Sendusu
SE201910_(162361C1/132696)_4,2021-04-08,1.0,Sendusu
SE201908_(162430C2/132647)_1,2021-04-08,1.0,Sendusu
SE201910_(162373C2/132684)_53,2021-04-08,1.0,Sendusu
SE201910_(162373C2/132684)_17,2021-04-08,1.0,Sendusu
SE201910_(162373C2/132684)_34,2021-04-08,1.0,Sendusu
SE201910_(162373C2/132684)_101,2021-04-08,2.0,Sendusu
SE201908_(162485C2/132696)_7,2021-04-09,2.0,Sendusu
SE201904_(162377C1/132361)_4,2021-04-09,2.0,Sendusu
SE201910_(162373C2/132684)_105,2021-04-09,2.0,Sendusu
SE201909_(162414C2/132406)_8,2021-04-09,2.0,Sendusu
SE201910_(162373C2/132684)_21,2021-04-09,1.0,Sendusu
SE201910_(162373C2/132684)_32,2021-04-09,1.0,Sendusu
SE201910_(162799C2/132313)_2,2021-04-09,1.0,Sendusu
SE201911_(162350C1/132348)_9,2021-04-09,1.0,Sendusu
SE201910_(162373C2/132684)_39,2021-04-09,1.0,Sendusu
SE202001_(162405C2/132466)_15,2021-04-09,1.0,Sendusu
SE201910_(162448C1/132512)_13,2021-04-09,2.0,Sendusu
SE201910_(162370C1/132348)_27,2021-04-09,2.0,Sendusu
SE202001_(162405C2/132466)_69,2021-04-09,2.0,Sendusu
SE201910_(162373C2/132684)_37,2021-04-09,2.0,Sendusu
SE201912_(162377C2/132566)_4,2021-04-09,1.0,Sendusu
SE201910_(162373C2/132684)_2,2021-04-09,1.0,Sendusu
SE201910_(162441C1/132696)_7,2021-04-09,2.0,Sendusu
SE201912_(162397C1/132554)_3,2021-04-09,1.0,Sendusu
SE201911_(163120C2/132348)_1,2021-04-09,2.0,Sendusu
SE201912_(162849C2/132651)_4,2021-04-09,1.0,Sendusu
SE201912_(163080C2/132554)_2,2021-04-09,2.0,Sendusu
SE201911_(163120C2/132348)_4,2021-04-09,2.0,Sendusu
SE202003_(163002C2/132552)_1,2021-04-09,2.0,Sendusu
SE202001_(162405C2/132466)_81,2021-04-09,2.0,Sendusu
SE201903_(162357C1/132383)_47,2021-04-09,1.0,Sendusu
SE201912_(162377C2/132566)_43,2021-04-09,2.0,Sendusu
SE201910_(162369C1/132696)_6,2021-04-09,2.0,Sendusu
SE201912_(163338C2/132623)_4,2021-04-09,2.0,Sendusu
SE201910_(162371C2/132696)_3,2021-04-09,1.0,Sendusu
SE201912_(162377C2/132566)_35,2021-04-09,2.0,Sendusu
SE201910_(162448C1/132512)_4,2021-04-09,2.0,Sendusu
SE201912_(162377C2/132566)_21,2021-04-09,2.0,Sendusu
SE202001_(162405C2/132466)_16,2021-04-09,2.0,Sendusu
SE201910_(162373C2/132684)_63,2021-04-09,2.0,Sendusu
SE201911_(162449C2/132674)_4,2021-04-09,1.0,Sendusu
SE201910_(162373C2/132684)_13,2021-04-09,2.0,Sendusu
SE201911_(162423C1/132696)_2,2021-04-09,2.0,Sendusu
SE201910_(162373C2/132684)_29,2021-04-09,2.0,Sendusu
SE201911_(162462C2/132699)_1,2021-04-09,2.0,Sendusu
SE201908_(162485C2/132696)_6,2021-04-09,2.0,Sendusu
SE201910_(162373C2/132684)_73,2021-04-09,2.0,Sendusu
SE202001_(162405C2/132466)_46,2021-04-09,2.0,Sendusu
SE201908_(162358C1/132647)_18,2021-04-09,2.0,Sendusu
SE201908_(162431C2/132674)_2,2021-04-09,2.0,Sendusu
SE201910_(162373C2/132684)_79,2021-04-09,2.0,Sendusu
SE202002_(162373C2/132467)_4,2021-04-09,2.0,Sendusu
SE201909_(162438C2/132696)_1,2021-04-09,2.0,Sendusu
SE202002_(162430C2/132434)_16,2021-04-09,2.0,Sendusu
SE202001_(162405C2/132466)_7,2021-04-09,2.0,Sendusu
SE201912_(162377C2/132566)_56,2021-04-09,2.0,Sendusu
SE201910_(162373C2/132684)_70,2021-04-09,2.0,Sendusu
SE201912_(162377C2/132566)_58,2021-04-09,2.0,Sendusu
SE201912_(162377C2/132566)_49,2021-04-09,2.0,Sendusu
SE201911_(162449C2/132674)_4,2021-04-09,2.0,Sendusu
SE202001_(162405C2/132466)_9,2021-04-09,1.0,Sendusu
SE201912_(163338C2/132623)_1,2021-04-09,1.0,Sendusu
SE202003_(163361C2/132554)_3,2021-04-09,2.0,Sendusu
SE201912_(162377C2/132566)_48,2021-04-09,1.0,Sendusu
SE202002_(162430C2/132434)_50,2021-04-09,2.0,Sendusu
SE202003_(163053C2/132674)_3,2021-04-09,2.0,Sendusu
SE202001_(162405C2/132466)_66,2021-04-09,2.0,Sendusu
SE201912_(162755C2/132554)_2,2021-04-09,2.0,Sendusu
SE201910_(162371C2/132696)_7,2021-04-09,2.0,Sendusu
SE201912_(162377C2/132566)_4,2021-04-09,2.0,Sendusu
SE201910_(162441C1/132696)_8,2021-04-09,1.0,Sendusu
SE201912_(163338C2/132623)_19,2021-04-09,2.0,Sendusu
SE202001_(162405C2/132466)_14,2021-04-09,2.0,Sendusu
SE201912_(162422C2/132651)_16,2021-04-09,2.0,Sendusu
SE202002_(162427C2/132674)_4,2021-04-09,2.0,Sendusu
SE202001_(163277C2/132445)_2,2021-04-09,2.0,Sendusu
SE202002_(162430C2/132434)_34,2021-04-09,2.0,Sendusu
SE201910_(162373C2/132684)_47,2021-04-09,2.0,Sendusu
SE201912_(162377C2/132566)_8,2021-04-09,2.0,Sendusu
SE202001_(162405C2/132466)_37,2021-04-09,2.0,Sendusu
SE201912_(162377C2/132566)_22,2021-04-09,2.0,Sendusu
SE202002_(162430C2/132434)_10,2021-04-09,2.0,Sendusu
SE202002_(162353C2/132316)_16,2021-04-09,2.0,Sendusu
SE201908_(162374C2/132674)_3,2021-04-09,2.0,Sendusu
SE202001_(162405C2/132466)_92,2021-04-09,2.0,Sendusu
SE202001_(162405C2/132466)_73,2021-04-09,2.0,Sendusu
SE202002_(162431C2/132316)_19,2021-04-09,2.0,Sendusu
SE202002_(162430C2/132434)_36,2021-04-09,2.0,Sendusu
SE202001_(162405C2/132466)_52,2021-04-09,1.0,Sendusu
SE201908_(162358C1/132647)_11,2021-04-09,2.0,Sendusu
SE202002_(162494C2/132554)_2,2021-04-09,2.0,Sendusu
SE201912_(163078C1/132684)_1,2021-04-09,2.0,Sendusu
SE201908_(162374C2/132674)_2,2021-04-09,2.0,Sendusu
SE201907_(162865C1/132329)_5,2021-04-09,2.0,Sendusu
SE201910_(162369C1/132696)_5,2021-04-09,2.0,Sendusu
SE202001_(163331C2/132467)_1,2021-04-09,1.0,Sendusu
SE202002_(162430C2/132434)_13,2021-04-09,2.0,Sendusu
SE201912_(162377C2/132566)_55,2021-04-09,2.0,Sendusu
SE201912_(162377C2/132566)_19,2021-04-09,2.0,Sendusu
SE201912_(162377C2/132566)_26,2021-04-09,1.0,Sendusu
SE202002_(162431C2/132316)_12,2021-04-09,2.0,Sendusu
SE201910_(162882C1/132609)_3,2021-04-09,2.0,Sendusu
SE201905_(162431C1/132332)_163,2021-04-09,1.0,Sendusu
SE201910_(162373C2/132684)_44,2021-04-09,1.0,Sendusu
SE202001_(162405C2/132466)_88,2021-04-09,2.0,Sendusu
SE201910_(162370C1/132348)_10,2021-04-09,2.0,Sendusu
SE201909_(162426C1/132660)_8,2021-04-09,2.0,Sendusu
SE202001_(162405C2/132466)_84,2021-04-09,2.0,Sendusu
SE201912_(163338C2/132623)_6,2021-04-09,2.0,Sendusu
SE202002_(162353C2/132316)_29,2021-04-09,2.0,Sendusu
SE201910_(162370C1/132348)_9,2021-04-09,2.0,Sendusu
SE201910_(162373C2/132684)_100,2021-04-09,2.0,Sendusu
SE202002_(162430C2/132434)_68,2021-04-09,2.0,Sendusu
SE201912_(162377C2/132566)_23,2021-04-09,2.0,Sendusu
SE201912_(162377C2/132566)_33,2021-04-09,2.0,Sendusu
SE202001_(162459C2/132466)_7,2021-04-09,2.0,Sendusu
SE202002_(162430C2/132434)_57,2021-04-09,2.0,Sendusu
SE202001_(162405C2/132466)_32,2021-04-09,2.0,Sendusu
SE201910_(162405C2/132696)_3,2021-04-09,2.0,Sendusu
SE202002_(162430C2/132434)_19,2021-04-09,2.0,Sendusu
SE201912_(162377C2/132566)_30,2021-04-09,2.0,Sendusu
SE201910_(162448C1/132512)_3,2021-04-09,2.0,Sendusu
SE202001_(162405C2/132466)_6,2021-04-09,1.0,Sendusu
SE201912_(163338C2/132623)_14,2021-04-09,2.0,Sendusu
SE201912_(162377C2/132566)_53,2021-04-09,2.0,Sendusu
SE202002_(162430C2/132434)_62,2021-04-12,2.0,Sendusu
SE201908_(162358C1/132647)_12,2021-04-12,2.0,Sendusu
SE201910_(162373C2/132684)_82,2021-04-12,2.0,Sendusu
SE201912_(163338C2/132623)_7,2021-04-12,1.0,Sendusu
SE201912_(162377C2/132566)_38,2021-04-12,2.0,Sendusu
SE202002_(162430C2/132434)_7,2021-04-12,2.0,Sendusu
SE201908_(162358C1/132647)_2,2021-04-12,2.0,Sendusu
SE202001_(162405C2/132466)_26,2021-04-12,2.0,Sendusu
SE202001_(162405C2/132466)_95,2021-04-12,2.0,Sendusu
SE202001_(162405C2/132466)_91,2021-04-12,2.0,Sendusu
SE201912_(163338C2/132623)_16,2021-04-12,2.0,Sendusu
SE202002_(162430C2/132434)_64,2021-04-12,2.0,Sendusu
SE201912_(162421C2/132406)_1,2021-04-12,2.0,Sendusu
SE202001_(162405C2/132466)_85,2021-04-12,2.0,Sendusu
SE201910_(162368C2/132696)_6,2021-04-12,2.0,Sendusu
SE201911_(162350C1/132348)_17,2021-04-12,1.0,Sendusu
SE201910_(162373C2/132684)_85,2021-04-12,2.0,Sendusu
SE201910_(162373C2/132684)_65,2021-04-12,2.0,Sendusu
SE202001_(162405C2/132466)_41,2021-04-12,2.0,Sendusu
SE202002_(162430C2/132434)_14,2021-04-12,2.0,Sendusu
SE201910_(162373C2/132684)_51,2021-04-12,2.0,Sendusu
SE202002_(162430C2/132434)_48,2021-04-12,2.0,Sendusu
SE202001_(162405C2/132466)_87,2021-04-12,2.0,Sendusu
SE202002_(162427C2/132674)_6,2021-04-12,2.0,Sendusu
SE201912_(162377C2/132566)_42,2021-04-12,2.0,Sendusu
SE201911_(163120C2/132348)_3,2021-04-12,2.0,Sendusu
SE201912_(162377C2/132566)_29,2021-04-12,2.0,Sendusu
SE201912_(162377C2/132566)_65,2021-04-12,1.0,Sendusu
SE202001_(162405C2/132466)_42,2021-04-12,1.0,Sendusu
SE201910_(162373C2/132684)_98,2021-04-12,2.0,Sendusu
SE201910_(162448C1/132512)_7,2021-04-12,2.0,Sendusu
SE202001_(162405C2/132466)_5,2021-04-12,2.0,Sendusu
SE201910_(162371C2/132696)_14,2021-04-12,2.0,Sendusu
SE202002_(162430C2/132434)_21,2021-04-12,2.0,Sendusu
SE201910_(162373C2/132684)_58,2021-04-12,2.0,Sendusu
SE201910_(162373C2/132684)_44,2021-04-12,1.0,Sendusu
SE201912_(162377C2/132566)_48,2021-04-12,2.0,Sendusu
SE201908_(162358C1/132647)_13,2021-04-12,2.0,Sendusu
SE202001_(162459C2/132466)_8,2021-04-12,2.0,Sendusu
SE201912_(162377C2/132566)_5,2021-04-12,2.0,Sendusu
SE201911_(162423C1/132696)_7,2021-04-12,2.0,Sendusu
SE202001_(162405C2/132466)_65,2021-04-12,2.0,Sendusu
SE201910_(162373C2/132684)_62,2021-04-12,2.0,Sendusu
SE202001_(162405C2/132466)_98,2021-04-12,2.0,Sendusu
SE202002_(162431C2/132316)_5,2021-04-12,2.0,Sendusu
SE202001_(162405C2/132466)_7,2021-04-12,2.0,Sendusu
SE202002_(162430C2/132434)_29,2021-04-12,2.0,Sendusu
SE202002_(162431C2/132316)_6,2021-04-12,1.0,Sendusu
SE201910_(162496C2/132696)_6,2021-04-12,2.0,Sendusu
SE201908_(162431C2/132674)_3,2021-04-12,2.0,Sendusu
SE202001_(162419C2/132699)_15,2021-04-12,2.0,Sendusu
SE202001_(162419C2/132699)_15,2021-04-12,1.0,Sendusu
SE201910_(162370C1/132348)_22,2021-04-12,1.0,Sendusu
SE202001_(162419C2/132699)_2,2021-04-12,2.0,Sendusu
SE201911_(162350C1/132348)_19,2021-04-12,2.0,Sendusu
SE201912_(162377C2/132566)_59,2021-04-12,2.0,Sendusu
SE202001_(162405C2/132466)_74,2021-04-12,2.0,Sendusu
SE201910_(162441C1/132696)_15,2021-04-12,2.0,Sendusu
SE202002_(162431C2/132316)_18,2021-04-12,2.0,Sendusu
SE202002_(162430C2/132434)_38,2021-04-12,2.0,Sendusu
SE202002_(162353C2/132316)_21,2021-04-12,2.0,Sendusu
SE202002_(162353C2/132316)_6,2021-04-12,2.0,Sendusu
SE202001_(163331C2/132467)_2,2021-04-12,2.0,Sendusu
SE201910_(162371C2/132696)_24,2021-04-12,2.0,Sendusu
SE201908_(162358C1/132647)_10,2021-04-12,2.0,Sendusu
SE201910_(162441C1/132696)_9,2021-04-12,2.0,Sendusu
SE202003_(163361C2/132554)_3,2021-04-12,1.0,Sendusu
SE202002_(162430C2/132434)_26,2021-04-12,2.0,Sendusu
SE201910_(162373C2/132684)_52,2021-04-12,1.0,Sendusu
SE202001_(162405C2/132466)_34,2021-04-12,2.0,Sendusu
SE202002_(162430C2/132434)_52,2021-04-12,2.0,Sendusu
SE202002_(162427C2/132674)_7,2021-04-12,2.0,Sendusu
SE201911_(162350C1/132348)_13,2021-04-12,2.0,Sendusu
SE202001_(162405C2/132466)_6,2021-04-12,2.0,Sendusu
SE202002_(162431C2/132316)_15,2021-04-12,2.0,Sendusu
SE202002_(162431C2/132316)_4,2021-04-12,2.0,Sendusu
SE201907_(162675C2/132568)_1,2021-04-12,2.0,Sendusu
SE202002_(162427C2/132674)_2,2021-04-12,2.0,Sendusu
SE202001_(162405C2/132466)_104,2021-04-12,2.0,Sendusu
SE202001_(162419C2/132699)_16,2021-04-12,2.0,Sendusu
SE201912_(163016C2/132651)_4,2021-04-12,2.0,Sendusu
SE202001_(162405C2/132466)_94,2021-04-13,2.0,Sendusu
SE201910_(162373C2/132684)_10,2021-04-13,2.0,Sendusu
SE201912_(162397C1/132554)_3,2021-04-13,1.0,Sendusu
SE201912_(162377C2/132566)_16,2021-04-13,2.0,Sendusu
SE201912_(162422C2/132651)_14,2021-04-13,2.0,Sendusu
SE202001_(162405C2/132466)_67,2021-04-13,2.0,Sendusu
SE202001_(162405C2/132466)_75,2021-04-13,2.0,Sendusu
SE201912_(162377C2/132566)_60,2021-04-13,2.0,Sendusu
SE202001_(163277C2/132445)_1,2021-04-13,2.0,Sendusu
